Combo,y_pred
IYGV,3.825103282928467
VYGV,3.7419416904449463
IWGV,3.645289897918701
LYGV,3.6399319171905518
VWGV,3.6289663314819336
LWGV,3.55899977684021
IYGC,3.48460054397583
IYGA,3.4825427532196045
VYGC,3.460062265396118
IYGI,3.4235572814941406
VYGI,3.393195629119873
VYGA,3.3792061805725098
LYGA,3.3608031272888184
IFGV,3.3589260578155518
LYGC,3.3420827388763428
VWGC,3.323209524154663
IYAV,3.314016103744507
IWGC,3.3093295097351074
LYGI,3.303889751434326
FYGV,3.300313711166382
VYAV,3.2850260734558105
IWGA,3.280853748321533
LWGA,3.235325336456299
LFGV,3.229978322982788
LWGC,3.226975917816162
VWGA,3.2245025634765625
VWGI,3.2191200256347656
IWGI,3.195662260055542
VFGV,3.1858022212982178
LWGI,3.170630931854248
