Combo,score,filled
IYGV,3.8251023292541504,4
VYGV,3.741939067840576,4
IWGV,3.64528751373291,4
LYGV,3.6399307250976562,4
VWGV,3.6289665699005127,4
LWGV,3.5590014457702637,4
IYGC,3.4846017360687256,4
IYGA,3.482543468475342,4
VYGC,3.4600632190704346,4
IYGI,3.423556327819824,4
VYGI,3.3931961059570312,4
VYGA,3.3792057037353516,4
LYGA,3.3608031272888184,4
IFGV,3.3589260578155518,4
LYGC,3.3420822620391846,4
VWGC,3.323209047317505,4
IYAV,3.314018487930298,4
IWGC,3.3093295097351074,4
LYGI,3.303889751434326,4
FYGV,3.300314426422119,4
VYAV,3.2850263118743896,4
IWGA,3.2808544635772705,4
LWGA,3.2353241443634033,4
LFGV,3.2299797534942627,4
LWGC,3.2269763946533203,4
VWGA,3.224503993988037,4
VWGI,3.2191214561462402,4
IWGI,3.1956615447998047,4
VFGV,3.185802936553955,4
LWGI,3.1706314086914062,4
IYAA,3.1598422527313232,4
LYAV,3.1525022983551025,4
VYAC,3.1486239433288574,4
MYGV,3.1364669799804688,4
IYAC,3.131431818008423,4
IYCV,3.1150145530700684,4
YYGV,3.110654830932617,4
FWGV,3.101895570755005,4
VYCV,3.0988409519195557,4
VYAA,3.092371940612793,4
AYGV,3.0825705528259277,4
CYGV,3.0809059143066406,4
IFAV,3.066028118133545,4
VYGF,3.064317464828491,4
IYWV,3.0560824871063232,4
IFGC,3.054281711578369,4
IYGT,3.0535361766815186,4
IYGF,3.0530147552490234,4
IYYV,3.0451059341430664,4
MWGV,3.0399656295776367,4
LYAA,3.039475917816162,4
IFGA,3.033041000366211,4
IYGL,3.020554780960083,4
IFGI,3.010495662689209,4
IYCA,3.008291244506836,4
IYGY,3.001810073852539,4
LYAC,3.0010504722595215,4
LYGF,2.997957706451416,4
CWGV,2.990845203399658,4
VYGY,2.987575054168701,4
VYGL,2.983969211578369,4
FYGA,2.9816136360168457,4
VYYV,2.980494976043701,4
IWAA,2.978149890899658,4
VYWV,2.977193832397461,4
IYGS,2.976773738861084,4
FYGC,2.971942901611328,4
LYGL,2.9709115028381348,4
YWGV,2.966991901397705,4
IYGW,2.9663443565368652,4
VYCA,2.966118812561035,4
IYSV,2.964092493057251,4
LYCV,2.954930305480957,4
LFGA,2.951413154602051,4
LFAV,2.9460597038269043,4
VWAA,2.9452269077301025,4
VFGC,2.94210147857666,4
MYAV,2.9416801929473877,4
VYGW,2.93479585647583,4
LYGT,2.9309253692626953,4
FYAV,2.9274516105651855,4
IWGT,2.9257235527038574,4
VYGT,2.924922466278076,4
IYGN,2.923495292663574,4
VWAV,2.9213759899139404,4
IYGG,2.9194304943084717,4
LFGC,2.9142236709594727,4
IYWA,2.9138150215148926,4
IYWC,2.908142566680908,4
LYYV,2.9069833755493164,4
LYGG,2.899693727493286,4
LWAA,2.899665355682373,4
IYGM,2.899155616760254,4
IYYC,2.8969886302948,4
LYWV,2.8939032554626465,4
IYNV,2.892361640930176,4
FYGI,2.892258644104004,4
VWGF,2.890223503112793,4
VYMV,2.8894405364990234,4
LFGI,2.8866779804229736,4
IFAC,2.885991096496582,4
LWGT,2.8848624229431152,4
IWAV,2.883901596069336,4
IYYA,2.88384747505188,4
LYGY,2.882460117340088,4
VYCC,2.8808436393737793,4
LYCA,2.8804821968078613,4
VFGI,2.878258466720581,4
IYAT,2.8779072761535645,4
MYGA,2.875171661376953,4
IYVT,2.8750479221343994,4
LYGN,2.874986171722412,4
TYIV,2.8733510971069336,4
IYCC,2.870471239089966,4
VWGY,2.869140148162842,4
VYGG,2.869004249572754,4
VYWC,2.8654370307922363,4
IYMV,2.8651723861694336,4
YYAV,2.8646652698516846,4
VYFV,2.8641278743743896,4
IFCV,2.855172634124756,4
IWYV,2.854754686355591,4
VFGA,2.8546319007873535,4
IYFV,2.8545684814453125,4
LYGS,2.8545167446136475,4
IYAS,2.853362798690796,4
LWGF,2.85074782371521,4
VYYC,2.8487699031829834,4
VYGS,2.847181797027588,4
VYGM,2.8453469276428223,4
VYAI,2.843979835510254,4
MYGC,2.8414106369018555,4
VWGT,2.8403139114379883,4
VYGN,2.836913585662842,4
LYGM,2.8350281715393066,4
IWNV,2.834540367126465,4
VYWA,2.8345303535461426,4
IWGS,2.8310546875,4
LYGW,2.830491304397583,4
AYGC,2.8285090923309326,4
IWGY,2.8272132873535156,4
IYAY,2.8245067596435547,4
IWAT,2.8242437839508057,4
VYFA,2.8232975006103516,4
IYFA,2.8193397521972656,4
YYGA,2.8193068504333496,4
IWWV,2.818453073501587,4
VYAY,2.817814826965332,4
IWGF,2.817019462585449,4
IYHV,2.8144404888153076,4
VYYA,2.813389778137207,4
IYGK,2.8133113384246826,4
LYFV,2.813066005706787,4
IWSV,2.81295108795166,4
IFAA,2.8064610958099365,4
LYSV,2.805065870285034,4
IFYV,2.802361488342285,4
VWGW,2.8005080223083496,4
AYVV,2.799722671508789,4
LWGY,2.7959980964660645,4
VYSV,2.7958874702453613,4
LWGL,2.794769287109375,4
IWGW,2.7897109985351562,4
VWAC,2.7892379760742188,4
LYGK,2.7891712188720703,4
MYGI,2.7877306938171387,4
IWRV,2.7872629165649414,4
CYGA,2.7868714332580566,4
FYYV,2.7854526042938232,4
IYTV,2.7850704193115234,4
VYMC,2.784656047821045,4
LWAV,2.7833566665649414,4
LWGS,2.7833409309387207,4
LYWA,2.781146764755249,4
VWYV,2.780747413635254,4
VYVT,2.7801127433776855,4
IYAI,2.778970241546631,4
VWGL,2.7781810760498047,4
IYGQ,2.777003049850464,4
IYMA,2.7749733924865723,4
FWGA,2.774688243865967,4
IYRV,2.7742865085601807,4
IYAW,2.7742505073547363,4
IWAS,2.7735118865966797,4
VYMA,2.7722744941711426,4
LYMV,2.7716729640960693,4
IYAG,2.770766258239746,4
FYAC,2.770763874053955,4
IYGH,2.769594669342041,4
IYAN,2.7691879272460938,4
VYAW,2.768453598022461,4
IWGL,2.7678823471069336,4
LYAT,2.767533779144287,4
FWGC,2.7661709785461426,4
FYAA,2.7659542560577393,4
LYFA,2.764833688735962,4
LYYA,2.763871908187866,4
IFWV,2.763692855834961,4
VYIT,2.762852668762207,4
IWCA,2.7589845657348633,4
LYVT,2.758552074432373,4
LVGV,2.7578206062316895,4
IWWA,2.7574939727783203,4
IWYA,2.757375717163086,4
IYIT,2.7555298805236816,4
LFAC,2.7548880577087402,4
LYWC,2.7540464401245117,4
LYGH,2.7534942626953125,4
MWGA,2.7529170513153076,4
VYAT,2.751633882522583,4
YYGC,2.751582145690918,4
MYAC,2.7500319480895996,4
IYCT,2.749565601348877,4
LWYV,2.748826026916504,4
LWAT,2.7485289573669434,4
VYGK,2.747466564178467,4
VYGH,2.7464780807495117,4
LYNV,2.746253728866577,4
LYYC,2.74530291557312,4
IYSC,2.7446587085723877,4
LYAY,2.744462013244629,4
LYCC,2.743772029876709,4
LWSV,2.743661880493164,4
LYGR,2.7433018684387207,4
IYMC,2.7430148124694824,4
VWGS,2.742973566055298,4
IYGR,2.7421183586120605,4
LYAS,2.7413930892944336,4
LWGG,2.7397284507751465,4
VWWV,2.7396116256713867,4
VYAS,2.7374465465545654,4
IWYC,2.7354371547698975,4
AYGI,2.7350568771362305,4
MWGC,2.7342586517333984,4
TYIA,2.7329556941986084,4
VYVA,2.7317042350769043,4
LYAG,2.731423854827881,4
IYVS,2.731034755706787,4
IWWC,2.7298998832702637,4
LWGN,2.72961688041687,4
AYGA,2.7277135848999023,4
VYAG,2.7276620864868164,4
VWAT,2.7274603843688965,4
IYNC,2.727161407470703,4
VWCA,2.7270328998565674,4
IYVA,2.7269535064697266,4
IWHV,2.7263617515563965,4
LWGW,2.72580623626709,4
LFAA,2.7253899574279785,4
FYCV,2.7222824096679688,4
CYGI,2.721611499786377,4
IYRC,2.7199206352233887,4
IYYI,2.7185375690460205,4
CYGC,2.717992067337036,4
IYQV,2.7170231342315674,4
LWNV,2.715782642364502,4
LYTV,2.7147955894470215,4
IYCS,2.714620590209961,4
IWGN,2.713395118713379,4
LYAN,2.710956573486328,4
IYGP,2.7107553482055664,4
IWAC,2.7103400230407715,4
FYWV,2.709136962890625,4
VWSV,2.707026958465576,4
VYCI,2.706287384033203,4
IYFT,2.7048861980438232,4
IFFV,2.7048439979553223,4
VYRV,2.7047617435455322,4
VYGR,2.704418182373047,4
LYMA,2.704395294189453,4
VYNV,2.7034475803375244,4
IWTV,2.7021310329437256,4
VYVS,2.7018232345581055,4
IFGF,2.7011916637420654,4
IWCV,2.7010014057159424,4
VYFC,2.700185537338257,4
TYIC,2.6996874809265137,4
LWAS,2.6990609169006348,4
LWGM,2.6981256008148193,4
IWGG,2.6973719596862793,4
VWCV,2.6972460746765137,4
LYAI,2.6965489387512207,4
LYHV,2.695042133331299,4
VYYI,2.694822072982788,4
MYAA,2.694727659225464,4
VYAN,2.6930899620056152,4
AYIV,2.692578077316284,4
IFAI,2.690993309020996,4
VWAS,2.6907613277435303,4
IYWI,2.6898014545440674,4
YYGI,2.689758062362671,4
LYGQ,2.6891393661499023,4
LYAW,2.6878371238708496,4
CWGA,2.687052011489868,4
VWGG,2.6859664916992188,4
IFVV,2.6856155395507812,4
YYAC,2.6842334270477295,4
VWWC,2.682551622390747,4
LWWV,2.6796162128448486,4
VYTV,2.6795597076416016,4
VWYC,2.6795408725738525,4
VWRV,2.679015874862671,4
VWNV,2.6789722442626953,4
VYHV,2.6781139373779297,4
IWGM,2.6760759353637695,4
VWYA,2.6747233867645264,4
AYIA,2.6743855476379395,4
IYSA,2.6739959716796875,4
MWGI,2.6735596656799316,4
IYFC,2.6732571125030518,4
VWGM,2.6731033325195312,4
AYVA,2.672848701477051,4
IFMV,2.6716105937957764,4
VWWA,2.671030044555664,4
IYPV,2.669889450073242,4
LYGP,2.668320894241333,4
VWGN,2.665804386138916,4
IFGL,2.6642847061157227,4
IYCI,2.663958787918091,4
LWCA,2.663822650909424,4
FWGI,2.663297653198242,4
IWNC,2.6625003814697266,4
VYWI,2.6598968505859375,4
IYKV,2.6555287837982178,4
IWCT,2.6553549766540527,4
LYIT,2.6552088260650635,4
IYCY,2.6539533138275146,4
LWRV,2.653421401977539,4
IFCA,2.653038740158081,4
IFGY,2.651909351348877,4
IYEV,2.6516001224517822,4
IYEC,2.6512627601623535,4
IWQV,2.6510210037231445,4
IYCG,2.650846004486084,4
YWGA,2.650362968444824,4
IYKC,2.650350570678711,4
VYFT,2.648599147796631,4
VYCT,2.648442268371582,4
LWYA,2.6478421688079834,4
IWKV,2.647493362426758,4
IYCN,2.6464719772338867,4
VYSC,2.6455628871917725,4
LYMC,2.641172170639038,4
VYGQ,2.640488624572754,4
LVGC,2.6404237747192383,4
VFVV,2.640364170074463,4
IYFS,2.6403164863586426,4
AYVC,2.640028238296509,4
VYPV,2.639735460281372,4
LWGK,2.6394686698913574,4
LWWA,2.638458728790283,4
IYHC,2.6383187770843506,4
VYRC,2.638270139694214,4
FYCA,2.635133743286133,4
IYSI,2.6350700855255127,4
LWGH,2.6348958015441895,4
VYAF,2.634709596633911,4
IWRC,2.6341428756713867,4
MYAI,2.6339175701141357,4
VYCY,2.6329233646392822,4
IFGT,2.6327857971191406,4
IWAN,2.6320290565490723,4
VWCC,2.62937593460083,4
MYVV,2.629347801208496,4
IYQC,2.628995895385742,4
YYAA,2.6282522678375244,4
IYNI,2.6281790733337402,4
IYNA,2.626819133758545,4
IYVV,2.6267528533935547,4
VYIS,2.6262495517730713,4
MYVA,2.6234636306762695,4
VYIA,2.622580051422119,4
VYQV,2.6222786903381348,4
VYCS,2.6219897270202637,4
VYVV,2.6219120025634766,4
LWTV,2.6214675903320312,4
LYFC,2.6210086345672607,4
LYCT,2.61860990524292,4
IWCC,2.617426872253418,4
IYTC,2.61629056930542,4
IYHA,2.61608624458313,4
VFGF,2.6144537925720215,4
VYCG,2.6143951416015625,4
IWEV,2.6143736839294434,4
IYAH,2.614269733428955,4
LWHV,2.6126718521118164,4
IYAK,2.611607074737549,4
LYRV,2.61092472076416,4
VWTV,2.6100592613220215,4
VWHV,2.6091418266296387,4
YWGC,2.6089916229248047,4
LYQV,2.608790874481201,4
IYPC,2.6086153984069824,4
LWGR,2.6078221797943115,4
VYFS,2.607247829437256,4
LWCV,2.6070754528045654,4
LYYI,2.6067769527435303,4
IYRA,2.6060104370117188,4
VYAH,2.605733633041382,4
IYCW,2.605092763900757,4
LWAN,2.6047706604003906,4
CWGC,2.6040072441101074,4
VYPC,2.602147102355957,4
LYVS,2.601384162902832,4
IFFA,2.5981969833374023,4
LVGA,2.597568988800049,4
VWGH,2.597064733505249,4
IFVA,2.5948970317840576,4
VYLT,2.5948963165283203,4
FYGT,2.5948636531829834,4
IFGW,2.5945701599121094,4
LFGF,2.594452142715454,4
CWGI,2.593501091003418,4
IYAQ,2.5927789211273193,4
LWYC,2.590603828430176,4
LYVA,2.5903573036193848,4
IYLT,2.5902647972106934,4
IFFC,2.5895049571990967,4
IWSC,2.58872652053833,4
VWAN,2.587991952896118,4
LWGQ,2.587785482406616,4
LYSC,2.586979389190674,4
VFIV,2.586817741394043,4
LFAI,2.586400270462036,4
IYYT,2.5862040519714355,4
IYMT,2.5860743522644043,4
VYEV,2.584674835205078,4
VYCW,2.5841727256774902,4
IFCC,2.584157943725586,4
IWCS,2.5829789638519287,4
VWCT,2.5824451446533203,4
LFGL,2.581346035003662,4
LWAC,2.5798659324645996,4
LYCS,2.5798110961914062,4
LYAH,2.5797078609466553,4
VYGP,2.5788369178771973,4
VYNC,2.578779935836792,4
IYGE,2.578667402267456,4
IYAP,2.5785441398620605,4
LYCG,2.578467845916748,4
IYYY,2.5774669647216797,4
IYAR,2.5774192810058594,4
IYWY,2.5750551223754883,4
IWRA,2.5726654529571533,4
VYCN,2.5718679428100586,4
LYSA,2.571587562561035,4
LYWI,2.5714237689971924,4
LYFT,2.5709309577941895,4
VYKV,2.570258855819702,4
LYRC,2.5695743560791016,4
IYWT,2.568881034851074,4
VFGY,2.568608522415161,4
IWGQ,2.568178415298462,4
VYEC,2.5672178268432617,4
VYAM,2.5655717849731445,4
IWHC,2.564815044403076,4
IYIS,2.56270170211792,4
IWGK,2.562335252761841,4
LYCI,2.5601773262023926,4
IWGH,2.5600242614746094,4
IWAG,2.5599403381347656,4
IWTC,2.5598433017730713,4
LWWC,2.559661388397217,4
VWGK,2.559384822845459,4
IYYG,2.5569987297058105,4
LFGT,2.5561609268188477,4
IFRV,2.5546226501464844,4
IWEC,2.5540831089019775,4
IWNA,2.5539228916168213,4
LYNC,2.5537943840026855,4
IYTA,2.553516387939453,4
IFAY,2.553473472595215,4
FWAA,2.552170753479004,4
IYAM,2.551908016204834,4
IYYS,2.5517919063568115,4
VWNC,2.5506765842437744,4
VYTC,2.5503973960876465,4
IWHA,2.5494437217712402,4
LYAK,2.549325466156006,4
VWAG,2.5490713119506836,4
LFVA,2.5489449501037598,4
IWKC,2.547964572906494,4
VWGR,2.5478711128234863,4
VYQC,2.5475120544433594,4
IYWS,2.5472400188446045,4
LWQV,2.5469040870666504,4
IYYN,2.5468525886535645,4
IFGS,2.5464091300964355,4
LFVV,2.545546293258667,4
IFSV,2.5451130867004395,4
IYHI,2.544337034225464,4
LWKV,2.5429868698120117,4
VWRC,2.5420613288879395,4
IYWG,2.541931390762329,4
IFVC,2.541640520095825,4
LYAR,2.5412511825561523,4
IYIA,2.5411300659179688,4
IWFT,2.5408802032470703,4
LWAG,2.540581703186035,4
LWCT,2.53977632522583,4
IYMS,2.538851737976074,4
VFVC,2.5387699604034424,4
IYRI,2.538562774658203,4
VYAR,2.538414478302002,4
VYSA,2.538322925567627,4
VWSC,2.537907600402832,4
LYCN,2.5372490882873535,4
IFGN,2.537130355834961,4
IYYW,2.536325454711914,4
FYRV,2.5358664989471436,4
VWQV,2.535691022872925,4
IWQC,2.5356435775756836,4
LYEV,2.5344648361206055,4
IWGR,2.5336599349975586,4
VYAK,2.533627986907959,4
LYAP,2.533428192138672,4
IWYT,2.533175230026245,4
FYGF,2.5327095985412598,4
IYTI,2.532410144805908,4
IFGM,2.531388759613037,4
IYWW,2.5310075283050537,4
VYRA,2.53078293800354,4
VYKC,2.530451774597168,4
IYVN,2.5303213596343994,4
YWGI,2.5299415588378906,4
IFIV,2.5294082164764404,4
LYCY,2.529310703277588,4
LYFS,2.5286433696746826,4
LYPV,2.528059482574463,4
FYGL,2.5274455547332764,4
VFGL,2.526149272918701,4
AYIC,2.525196075439453,4
LWEV,2.524519205093384,4
IFAW,2.524394989013672,4
IFGG,2.5231916904449463,4
MYIA,2.5227057933807373,4
LYNA,2.5219361782073975,4
LYHA,2.5217537879943848,4
IYQA,2.521634101867676,4
LYTC,2.5212459564208984,4
VYHC,2.5209624767303467,4
IFCI,2.5208351612091064,4
LWNC,2.5205636024475098,4
IWSA,2.519803524017334,4
IWPV,2.518752098083496,4
VFVA,2.5187346935272217,4
VWCS,2.518646001815796,4
IYWN,2.5185537338256836,4
VYWY,2.518355369567871,4
VFIA,2.5177695751190186,4
IYYF,2.517012119293213,4
VYSI,2.516998291015625,4
VYMT,2.5166521072387695,4
VWEV,2.515554904937744,4
FYSV,2.514930248260498,4
LFGY,2.5141468048095703,4
FYNV,2.514111042022705,4
IYAF,2.5137205123901367,4
LYAQ,2.51336669921875,4
VYVN,2.51316237449646,4
LYKC,2.5113229751586914,4
VYIV,2.509725570678711,4
VWKV,2.5094804763793945,4
VFGW,2.509145736694336,4
IYWF,2.508953094482422,4
LYKV,2.5087339878082275,4
IYFN,2.5075645446777344,4
VYYY,2.507467269897461,4
VWTC,2.50593900680542,4
MYIV,2.505894660949707,4
IYCR,2.505340576171875,4
LWSC,2.5050806999206543,4
LYQC,2.5048434734344482,4
IYCK,2.5047552585601807,4
IYCQ,2.5044760704040527,4
LYEC,2.5030643939971924,4
VWFT,2.5021181106567383,4
IFAF,2.4998722076416016,4
LYHC,2.498748302459717,4
IWMT,2.498659372329712,4
IYVG,2.498457431793213,4
IYKA,2.4976298809051514,4
LYRA,2.496744394302368,4
VYAP,2.4966273307800293,4
VYFN,2.496324062347412,4
IYCH,2.495824098587036,4
LYAM,2.4953274726867676,4
FYGS,2.4945435523986816,4
LYLT,2.4937210083007812,4
LWCC,2.4932775497436523,4
AYLA,2.4931764602661133,4
MYGL,2.4922213554382324,4
FYHV,2.4920167922973633,4
VWGQ,2.491812229156494,4
LWSA,2.4912619590759277,4
FYTV,2.490779161453247,4
VYYG,2.4887590408325195,4
IFIA,2.4882545471191406,4
IFVT,2.4881715774536133,4
YYAI,2.486940860748291,4
LYMT,2.486788272857666,4
VYYT,2.4865975379943848,4
IFHV,2.4857945442199707,4
LYGE,2.485413074493408,4
LYTA,2.4853382110595703,4
VYWG,2.4838669300079346,4
IYFG,2.48244571685791,4
VYYF,2.4821853637695312,4
IFAT,2.4820094108581543,4
VYFG,2.4812512397766113,4
VYMS,2.4809584617614746,4
VYRI,2.4806578159332275,4
MYGF,2.480362892150879,4
LYAF,2.480257034301758,4
VYAQ,2.4792399406433105,4
VYWF,2.4791150093078613,4
IWWT,2.479111433029175,4
FYCC,2.479085683822632,4
LFGN,2.478590965270996,4
VFIC,2.4782674312591553,4
IYEA,2.478101968765259,4
LWNA,2.4780874252319336,4
VYHA,2.4778475761413574,4
MYVT,2.4778196811676025,4
LFGG,2.477734088897705,4
LYPC,2.4777019023895264,4
FYGY,2.4765753746032715,4
VYNI,2.4764957427978516,4
VYVG,2.476383924484253,4
VYWW,2.4762606620788574,4
LWRC,2.4762349128723145,4
LYCW,2.4744975566864014,4
LFVT,2.473544120788574,4
VYYW,2.4721851348876953,4
LYYT,2.4720916748046875,4
IFGK,2.4720211029052734,4
LWRA,2.471817970275879,4
VYCH,2.4710779190063477,4
IYCM,2.4707326889038086,4
LWCS,2.470547914505005,4
VYCM,2.4705047607421875,4
LYIS,2.470219612121582,4
VWEC,2.4701409339904785,4
FYAT,2.4685049057006836,4
LYVV,2.468059539794922,4
IWCN,2.4677367210388184,4
IWGP,2.4674675464630127,4
FWGT,2.4659571647644043,4
VWHC,2.4654979705810547,4
LYWG,2.4652397632598877,4
VYWT,2.4648802280426025,4
IYAE,2.4645135402679443,4
AYGF,2.463552951812744,4
VWPV,2.4635260105133057,4
LFGW,2.4634532928466797,4
FYMV,2.463346481323242,4
IWTA,2.4626524448394775,4
VFGT,2.462524890899658,4
VYYN,2.462160348892212,4
LWGP,2.4612159729003906,4
VYTA,2.460615634918213,4
LWFT,2.4605679512023926,4
IYKI,2.4601926803588867,4
VYCR,2.4600882530212402,4
IWYS,2.4597558975219727,4
VYYS,2.4597222805023193,4
IYQI,2.4597158432006836,4
VYTI,2.457625389099121,4
CYVA,2.457174062728882,4
LFGS,2.456855535507202,4
LYFG,2.4557652473449707,4
LYYG,2.4557058811187744,4
VYWS,2.4549174308776855,4
LYWT,2.454505205154419,4
LWTC,2.454355239868164,4
FYFA,2.454230308532715,4
IWVT,2.4540345668792725,4
MYGT,2.45363187789917,4
FYFV,2.45344877243042,4
IWPC,2.4532196521759033,4
MYVS,2.4529519081115723,4
LYIA,2.452932119369507,4
LYFN,2.4522624015808105,4
LWHA,2.4505906105041504,4
VWMA,2.45029878616333,4
VWQC,2.449462413787842,4
VYMI,2.449307441711426,4
VWMT,2.4492228031158447,4
VYVC,2.449154853820801,4
IFAS,2.448214530944824,4
VWYT,2.447610855102539,4
IYPA,2.4463229179382324,4
LYQA,2.445755958557129,4
IFVS,2.444791555404663,4
VYHI,2.44453763961792,4
VYCF,2.4442310333251953,4
IYIV,2.443507194519043,4
IWMA,2.442967414855957,4
FYAI,2.4423604011535645,4
LYMS,2.442030906677246,4
VYGE,2.440861225128174,4
IFGH,2.4399988651275635,4
AYIT,2.439866304397583,4
YYGT,2.4396414756774902,4
IWFA,2.4393560886383057,4
LFGK,2.438570737838745,4
FYGN,2.438352108001709,4
LFGM,2.438225030899048,4
IFNV,2.43780517578125,4
IWQA,2.437593460083008,4
CYVV,2.4375853538513184,4
FWAV,2.437175750732422,4
IYCP,2.4368927478790283,4
FYAY,2.4366984367370605,4
FYVT,2.435286521911621,4
VYNA,2.4351859092712402,4
LYYS,2.4345083236694336,4
LYYN,2.43259334564209,4
VYWN,2.4323766231536865,4
VWKC,2.4318318367004395,4
LFAY,2.4311141967773438,4
LYWY,2.430723190307617,4
IYMN,2.4297962188720703,4
VYCK,2.428952693939209,4
AYLT,2.4280834197998047,4
LFIA,2.427978038787842,4
IFIT,2.4276936054229736,4
LYWS,2.4271798133850098,4
IFAN,2.4265599250793457,4
LYYY,2.426272392272949,4
MYIT,2.425657272338867,4
LWYT,2.4255599975585938,4
LYEA,2.424999713897705,4
LWPV,2.42498779296875,4
IWWS,2.4239273071289062,4
MYVC,2.4238228797912598,4
IYYR,2.4229655265808105,4
IWKA,2.422903537750244,4
IYYH,2.422442674636841,4
AYGY,2.421922206878662,4
WFAV,2.4218854904174805,4
LFVS,2.4217774868011475,4
FYAS,2.421476364135742,4
AYIS,2.419327735900879,4
VWCN,2.4191486835479736,4
IFAG,2.4190351963043213,4
FYGG,2.4188361167907715,4
VYCQ,2.418462038040161,4
VYQA,2.416499614715576,4
LWKC,2.4161217212677,4
VWPC,2.4148783683776855,4
LYWN,2.41367506980896,4
IFTV,2.4133825302124023,4
IYWR,2.412893772125244,4
LWHC,2.4125874042510986,4
LYYF,2.412379503250122,4
LYCR,2.4123291969299316,4
IWCG,2.411895513534546,4
LFAT,2.4118165969848633,4
IWYI,2.4116477966308594,4
LFAW,2.411550760269165,4
LWFA,2.411048650741577,4
FYGW,2.409575939178467,4
IYYP,2.4093828201293945,4
VWWT,2.4082930088043213,4
LWMT,2.407883644104004,4
LFAF,2.407820701599121,4
LWGE,2.4071903228759766,4
IWYN,2.406630754470825,4
MYAF,2.4065604209899902,4
IFGR,2.4064297676086426,4
LWMA,2.4063799381256104,4
LYVN,2.40594482421875,4
IWAQ,2.4057674407958984,4
LWEC,2.4056406021118164,4
VWFA,2.405524253845215,4
IYEI,2.404578685760498,4
IFPV,2.404111862182617,4
LYCK,2.403820753097534,4
IYYK,2.403491973876953,4
VYIN,2.402846336364746,4
LYWF,2.4027249813079834,4
IWAK,2.4022767543792725,4
LYKA,2.4020373821258545,4
IFAM,2.4019832611083984,4
CYGF,2.401536226272583,4
IYYM,2.400656223297119,4
LFIV,2.4003167152404785,4
FWAT,2.4000473022460938,4
IFIC,2.3996901512145996,4
VYEA,2.399251937866211,4
CYGL,2.398649215698242,4
LYCH,2.398548126220703,4
MWGT,2.3981289863586426,4
IWEA,2.397951602935791,4
LFIT,2.3976452350616455,4
VFGM,2.3956189155578613,4
IFGQ,2.395601272583008,4
IYWH,2.3950114250183105,4
IYWM,2.3946285247802734,4
MYGY,2.3945670127868652,4
LWTA,2.393993377685547,4
VYCP,2.393646240234375,4
IWYG,2.3927760124206543,4
AYGL,2.392622470855713,4
IYVC,2.392025947570801,4
IFQV,2.3918709754943848,4
TYII,2.391519069671631,4
LYWW,2.3909804821014404,4
YYVT,2.3908441066741943,4
LWAK,2.390761375427246,4
LWQC,2.390172004699707,4
LWWT,2.3900959491729736,4
VYMN,2.3899667263031006,4
VYMY,2.38985538482666,4
IYWP,2.3890509605407715,4
LYCQ,2.3890151977539062,4
VYQI,2.3888890743255615,4
LYYW,2.3880250453948975,4
IYMI,2.387782573699951,4
MYGG,2.3875818252563477,4
VWCG,2.3875045776367188,4
FYGM,2.386030435562134,4
FYAW,2.3859190940856934,4
LFVC,2.385143756866455,4
LYAE,2.3843154907226562,4
FYAG,2.3840818405151367,4
VYKI,2.3839588165283203,4
LWCN,2.3829429149627686,4
VYKA,2.382474899291992,4
FYQV,2.382448196411133,4
FYKV,2.38226318359375,4
VWAY,2.381662130355835,4
VFGG,2.381392478942871,4
MYIS,2.3796768188476562,4
LWVT,2.379021644592285,4
LYCM,2.378922462463379,4
IYMG,2.3783459663391113,4
CYGT,2.377446174621582,4
VYPA,2.376706600189209,4
LWAQ,2.3766703605651855,4
VYLS,2.3765430450439453,4
VWYS,2.3764588832855225,4
IYMY,2.3754611015319824,4
FYCT,2.3752098083496094,4
IYCF,2.3746936321258545,4
IYWK,2.3743093013763428,4
IWWY,2.3739328384399414,4
IWWG,2.3731870651245117,4
IFAH,2.3728809356689453,4
VYMG,2.372732639312744,4
LYMN,2.3724870681762695,4
VWAK,2.3719968795776367,4
LVGI,2.3719277381896973,4
FYAN,2.371875762939453,4
VWVT,2.371858596801758,4
LFAG,2.3714916706085205,4
IWMS,2.371284008026123,4
VFIT,2.37073016166687,4
CYVT,2.3694663047790527,4
VFGN,2.36816143989563,4
IFCY,2.3678486347198486,4
AYVT,2.367490768432617,4
VYMW,2.3668551445007324,4
IYYL,2.3663840293884277,4
IWWN,2.3660991191864014,4
MWGF,2.365969181060791,4
LFGR,2.365962028503418,4
AYVS,2.365389823913574,4
VFGS,2.3649656772613525,4
LYMG,2.364938259124756,4
AYLV,2.3646302223205566,4
IYCE,2.364506721496582,4
LFAS,2.364506244659424,4
IWGE,2.363679885864258,4
MYGN,2.363426685333252,4
LFGH,2.363096237182617,4
FYGK,2.3630564212799072,4
IFIS,2.3628945350646973,4
CYIA,2.3622989654541016,4
VWYI,2.362196922302246,4
LYVG,2.360661506652832,4
IFKV,2.360062599182129,4
LYCP,2.3594841957092285,4
IWFS,2.3593673706054688,4
IFFT,2.359309196472168,4
VWGP,2.358734130859375,4
IYSY,2.3584322929382324,4
VWMV,2.3583011627197266,4
IYMW,2.3582875728607178,4
MWGL,2.358138084411621,4
MYVN,2.3580570220947266,4
LFAN,2.3579955101013184,4
AYGW,2.3570683002471924,4
MYAY,2.3569393157958984,4
VWWS,2.3557381629943848,4
IFVN,2.3554182052612305,4
IYFK,2.355282783508301,4
TYIS,2.3550803661346436,4
LYIV,2.3549227714538574,4
MYGS,2.3547732830047607,4
IYST,2.3543665409088135,4
LWQA,2.3534011840820312,4
CYIT,2.3532233238220215,4
LWEA,2.3530397415161133,4
YWGT,2.3520870208740234,4
LWAE,2.3520469665527344,4
IYSF,2.3520350456237793,4
IYIN,2.3520140647888184,4
AWVA,2.3513851165771484,4
AYLS,2.351331949234009,4
IWYY,2.3509397506713867,4
IFLT,2.3508639335632324,4
IWAE,2.3504111766815186,4
IWWI,2.3499369621276855,4
LWYS,2.349522113800049,4
LWCG,2.3493266105651855,4
LWKA,2.348207950592041,4
AWIT,2.347465991973877,4
VWAQ,2.3462445735931396,4
IWAP,2.3453469276428223,4
IFCT,2.344996929168701,4
VFVT,2.3449132442474365,4
VYFI,2.3448901176452637,4
MYAT,2.3447413444519043,4
LVGT,2.3444032669067383,4
VYAE,2.344165802001953,4
CWGT,2.3439345359802246,4
VYEI,2.3436520099639893,4
YYGF,2.343593120574951,4
VYYH,2.343384265899658,4
FWGS,2.343061923980713,4
VYIG,2.3429811000823975,4
YYIT,2.3428072929382324,4
CYGY,2.34238338470459,4
MYLT,2.3418312072753906,4
VYYR,2.341662883758545,4
FWAC,2.341566562652588,4
MYAG,2.339883804321289,4
VWMS,2.3395986557006836,4
FYEV,2.3390707969665527,4
AWVT,2.338336706161499,4
MYGW,2.3383359909057617,4
FYFT,2.338164806365967,4
VYYL,2.337735652923584,4
MWVT,2.3362302780151367,4
YYGL,2.3360743522644043,4
VWWY,2.3354244232177734,4
VYFY,2.335231304168701,4
FYPV,2.3351645469665527,4
VWAW,2.3347692489624023,4
VYWR,2.3339223861694336,4
VFGK,2.33359956741333,4
LYMI,2.333373785018921,4
IYSL,2.3325014114379883,4
IFEV,2.331984519958496,4
VWMC,2.3318209648132324,4
FWAS,2.3314216136932373,4
VFIS,2.3313164710998535,4
YYAT,2.330939769744873,4
AYGT,2.330721378326416,4
LFVN,2.330690383911133,4
VYWM,2.33048152923584,4
LWYI,2.3302769660949707,4
MYAW,2.3302745819091797,4
VYYM,2.32997989654541,4
IYLS,2.329927444458008,4
IWMV,2.329411506652832,4
LFAM,2.3282272815704346,4
LWPC,2.3274502754211426,4
TYIT,2.3272056579589844,4
LYYR,2.3271710872650146,4
LWWS,2.3270678520202637,4
IYVE,2.3269004821777344,4
VYFK,2.326035976409912,4
LFIS,2.3258907794952393,4
CYVS,2.3258354663848877,4
AYVI,2.3256072998046875,4
MYVG,2.325578212738037,4
VYWH,2.32554030418396,4
TYIG,2.3255367279052734,4
LYPA,2.3249480724334717,4
IYYQ,2.324448823928833,4
IYWQ,2.3243470191955566,4
FYGH,2.324218511581421,4
VWFS,2.324063301086426,4
LFGQ,2.323833465576172,4
AYVY,2.323049306869507,4
AYVG,2.3229799270629883,4
IWAY,2.32285737991333,4
LYWR,2.322782039642334,4
IWFV,2.3227078914642334,4
VWYN,2.3222708702087402,4
IYVK,2.322031021118164,4
AYVW,2.3218045234680176,4
IWYW,2.32055926322937,4
MYGM,2.3204121589660645,4
IYFI,2.3200271129608154,4
LYFI,2.3194544315338135,4
YYGS,2.3193562030792236,4
IFCW,2.31923246383667,4
LYMY,2.318922519683838,4
IYFY,2.3180060386657715,4
IFFS,2.317817211151123,4
MYGK,2.317078113555908,4
VFVS,2.3167407512664795,4
MWGY,2.3159384727478027,4
MYLA,2.3156509399414062,4
FYCS,2.3154354095458984,4
LWFV,2.314627170562744,4
IWWW,2.314549446105957,4
IFCF,2.314516067504883,4
FYGR,2.314171314239502,4
VYYK,2.313821315765381,4
FWGF,2.3130242824554443,4
LWFS,2.312885046005249,4
IYSW,2.3128395080566406,4
LYYP,2.3127501010894775,4
VFGH,2.3124959468841553,4
VYYP,2.311903953552246,4
VWYG,2.311002254486084,4
IYWL,2.3109755516052246,4
VWWI,2.310878276824951,4
VWWG,2.3104453086853027,4
VYPI,2.310276985168457,4
VYIC,2.309631109237671,4
IFAR,2.3089873790740967,4
VYLA,2.30796480178833,4
LWMS,2.307864189147949,4
CYIV,2.3074629306793213,4
VYFW,2.3073644638061523,4
FYFC,2.3072915077209473,4
WFAC,2.3067355155944824,4
LWYN,2.3059182167053223,4
IYMK,2.305816650390625,4
AYIN,2.3056812286376953,4
MYAS,2.305487632751465,4
LYYM,2.3046913146972656,4
LYWM,2.304675579071045,4
LWYG,2.3041553497314453,4
IYFQ,2.3036279678344727,4
LYFK,2.303374767303467,4
YYVA,2.3033173084259033,4
TYIW,2.3030755519866943,4
IFGP,2.303071975708008,4
LYYH,2.3028311729431152,4
IWPA,2.302302122116089,4
IFAK,2.3022446632385254,4
AYVN,2.302104949951172,4
VYWP,2.301764488220215,4
LYFY,2.3017168045043945,4
MYIC,2.3009889125823975,4
LYYK,2.3006954193115234,4
LWWG,2.3006911277770996,4
LWMV,2.298330307006836,4
IYFW,2.2980356216430664,4
IFCS,2.2970728874206543,4
TYIN,2.296905517578125,4
IYPI,2.2967538833618164,4
LYWP,2.296647548675537,4
FYCI,2.296480417251587,4
VYVK,2.296255588531494,4
MYAL,2.295124053955078,4
VWWN,2.2950291633605957,4
MWGS,2.294860363006592,4
IYIG,2.2944350242614746,4
FWGY,2.29398775100708,4
VWGE,2.2939326763153076,4
AYIG,2.2915573120117188,4
IWCK,2.2908945083618164,4
TYIY,2.2901270389556885,4
CYGS,2.290029764175415,4
LFAH,2.2895045280456543,4
LYCF,2.289349317550659,4
IYSS,2.28924560546875,4
YYGY,2.2891361713409424,4
CYGN,2.2885992527008057,4
LFGP,2.2878682613372803,4
VWYY,2.2878079414367676,4
VFGR,2.2862677574157715,4
IWCQ,2.2862179279327393,4
MYAM,2.2859842777252197,4
IYMR,2.2857799530029297,4
IFVG,2.2855310440063477,4
CYGG,2.285183906555176,4
LYYL,2.2850499153137207,4
IYFR,2.28501033782959,4
MYAN,2.2848424911499023,4
FYAH,2.284393310546875,4
VWAE,2.2834389209747314,4
VYVE,2.28190279006958,4
LYMW,2.281177043914795,4
CWGF,2.2811450958251953,4
IFAL,2.2801761627197266,4
YYAY,2.28010630607605,4
IFCN,2.279893159866333,4
LYWH,2.2789876461029053,4
IWMC,2.2784552574157715,4
FYGQ,2.277195453643799,4
VYWL,2.2771098613739014,4
VWWW,2.2770276069641113,4
YYGN,2.2769854068756104,4
IFFI,2.276439666748047,4
LYWK,2.275587558746338,4
FWGL,2.2753682136535645,4
IFFN,2.2745957374572754,4
VWAP,2.274080514907837,4
LWAP,2.2734580039978027,4
LYLS,2.2726216316223145,4
LWWN,2.271547794342041,4
MYGR,2.271515130996704,4
IYVP,2.2700748443603516,4
YYAS,2.2700085639953613,4
IFLV,2.2697086334228516,4
AYGG,2.2690281867980957,4
CYIS,2.2682371139526367,4
IFLA,2.268075942993164,4
LWAY,2.267531633377075,4
IFCG,2.2664923667907715,4
VYWK,2.266392230987549,4
YYVS,2.2661590576171875,4
IYLA,2.2660603523254395,4
LFVG,2.265902519226074,4
IYRM,2.265366554260254,4
VYMK,2.2651586532592773,4
VYCE,2.264390468597412,4
LFAR,2.264024257659912,4
IWAW,2.2633185386657715,4
VWFV,2.262881278991699,4
VWYW,2.2625577449798584,4
VYMR,2.2614049911499023,4
LYIN,2.261352062225342,4
FYAR,2.2612791061401367,4
IFCM,2.2609715461730957,4
LYFR,2.260199785232544,4
IYMQ,2.259929656982422,4
MWGG,2.259608268737793,4
MYGH,2.2585949897766113,4
FYFS,2.258349895477295,4
LYFW,2.25761342048645,4
LFAK,2.2573201656341553,4
IWAR,2.2569825649261475,4
IWYK,2.25666880607605,4
IFVW,2.256664276123047,4
VFVW,2.256499767303467,4
FYVA,2.2557973861694336,4
IFAQ,2.2553422451019287,4
VWAR,2.255074977874756,4
CYGM,2.254791498184204,4
CYGW,2.254523277282715,4
VYFR,2.2544829845428467,4
FYCG,2.254443645477295,4
YYGG,2.25443172454834,4
VYFQ,2.2543506622314453,4
CWGY,2.2537989616394043,4
VYMH,2.2533092498779297,4
IYMH,2.252814769744873,4
LWWY,2.2526605129241943,4
CWGL,2.2516493797302246,4
MYIN,2.251265048980713,4
LWYY,2.251105546951294,4
IFIN,2.2496767044067383,4
LYMR,2.2493677139282227,4
AYGM,2.2491226196289062,4
CYVC,2.2487335205078125,4
AWVS,2.247908115386963,4
YYAF,2.2470152378082275,4
LYVE,2.2464516162872314,4
LYVC,2.2456860542297363,4
FYVS,2.245629072189331,4
LVGS,2.245439291000366,4
MWGN,2.2452445030212402,4
LYMK,2.245171070098877,4
LYFQ,2.244032144546509,4
MYLS,2.243880271911621,4
FYCN,2.243472099304199,4
IYVQ,2.2431697845458984,4
IWYR,2.2430763244628906,4
IYFP,2.2429871559143066,4
VWCK,2.242967128753662,4
YYAG,2.242851495742798,4
LYCE,2.2425343990325928,4
YYAW,2.242241144180298,4
VYAL,2.2417235374450684,4
MWGW,2.2416019439697266,4
AYGN,2.241024971008301,4
IYSG,2.2408218383789062,4
YYVV,2.2407023906707764,4
LFIC,2.24067759513855,4
IFFY,2.2405447959899902,4
VFVN,2.2404251098632812,4
MYLV,2.2403290271759033,4
FYCY,2.2396106719970703,4
CWGS,2.2394394874572754,4
LWPA,2.2393083572387695,4
FYAK,2.2386884689331055,4
VYFH,2.2368838787078857,4
AYGS,2.2365667819976807,4
IYSN,2.2360448837280273,4
LYGD,2.234985828399658,4
IWYP,2.234642505645752,4
IYFH,2.2338781356811523,4
IFAP,2.2314610481262207,4
VFIN,2.230952024459839,4
FWAN,2.230835437774658,4
IWWR,2.230712413787842,4
IFFG,2.2307047843933105,4
LWWI,2.230625629425049,4
IYMP,2.2305963039398193,4
VWAH,2.2302353382110596,4
VFVY,2.2300357818603516,4
VYVP,2.2298781871795654,4
VWCQ,2.2274837493896484,4
VYFP,2.2264487743377686,4
VYMP,2.2245993614196777,4
MYAH,2.224151611328125,4
IYNM,2.2239904403686523,4
MYGP,2.2227766513824463,4
LYWQ,2.222439765930176,4
FWGN,2.2222561836242676,4
LWCK,2.2217559814453125,4
IFFW,2.221407890319824,4
CYGK,2.2211012840270996,4
YYAN,2.2210330963134766,4
LWAR,2.2204527854919434,4
IYFE,2.2199950218200684,4
VYWQ,2.2196044921875,4
LYYQ,2.2192933559417725,4
IFVY,2.218937397003174,4
VYYQ,2.218500852584839,4
FWGW,2.2184488773345947,4
IYDV,2.2181897163391113,4
LYWL,2.2171194553375244,4
LWCQ,2.2161214351654053,4
IYSM,2.2157466411590576,4
LYLA,2.21360445022583,4
IFLS,2.2135415077209473,4
YYGK,2.213508129119873,4
LYFP,2.2131545543670654,4
YWGS,2.2127885818481445,4
YYGW,2.2122673988342285,4
IWWK,2.2118711471557617,4
VWCW,2.211801528930664,4
MWGM,2.2114977836608887,4
IWCW,2.211362600326538,4
IYIC,2.210547924041748,4
IWWP,2.2102723121643066,4
IFCH,2.2102203369140625,4
IWCR,2.210045099258423,4
FYAF,2.209937572479248,4
LFIN,2.2086429595947266,4
IFGE,2.2083370685577393,4
IWCE,2.2080700397491455,4
IYHM,2.208012104034424,4
CYGH,2.207702159881592,4
IFCR,2.2075746059417725,4
LYMH,2.2071902751922607,4
VYIK,2.206812858581543,4
CYGR,2.2060675621032715,4
LYIG,2.2058660984039307,4
CYVN,2.205700159072876,4
FYAM,2.20524525642395,4
YWGF,2.205233573913574,4
IWYH,2.2047104835510254,4
IYGD,2.2032201290130615,4
FWGG,2.2027640342712402,4
IWWH,2.2025904655456543,4
VYMQ,2.2024145126342773,4
VFGQ,2.2015814781188965,4
LYFH,2.201293468475342,4
VFVI,2.2010879516601562,4
VYMM,2.2010343074798584,4
LWYW,2.2009189128875732,4
VYCL,2.199523687362671,4
IWFN,2.1983189582824707,4
VYVQ,2.1980643272399902,4
LWMC,2.1968445777893066,4
IWYQ,2.196683168411255,4
LYMP,2.196415662765503,4
FYAP,2.1962034702301025,4
AYLN,2.1949198246002197,4
IWCY,2.1935129165649414,4
VWCY,2.1933021545410156,4
IWCP,2.1932153701782227,4
MYAR,2.1926355361938477,4
LYMQ,2.19235897064209,4
MYIG,2.1922531127929688,4
LFAP,2.191744327545166,4
YYIA,2.1908252239227295,4
IYKM,2.1901683807373047,4
IFCL,2.189710855484009,4
YWGY,2.1891632080078125,4
IWMN,2.189055919647217,4
MYGQ,2.188849449157715,4
MYAP,2.188714027404785,4
IWWQ,2.1884639263153076,4
LFAQ,2.1876425743103027,4
LYVK,2.1869773864746094,4
VFVG,2.1856272220611572,4
IYMM,2.1850943565368652,4
FYAQ,2.1848678588867188,4
FYCW,2.184607744216919,4
AYGK,2.1834678649902344,4
CWGN,2.181978702545166,4
WFAA,2.1815786361694336,4
IFVK,2.1813318729400635,4
MYVK,2.181288957595825,4
IWAH,2.1804165840148926,4
MWGK,2.1793816089630127,4
TYIR,2.1790566444396973,4
LWFN,2.1785833835601807,4
YYIS,2.1781697273254395,4
TYIH,2.177534580230713,4
VWCR,2.1774744987487793,4
CWGG,2.1771187782287598,4
IWFC,2.1769580841064453,4
YYGM,2.176720142364502,4
LWYK,2.1764116287231445,4
FWAG,2.176316738128662,4
IYWE,2.176224708557129,4
LFAL,2.1759090423583984,4
LWWW,2.1755685806274414,4
IYAL,2.1738903522491455,4
AWIA,2.1733627319335938,4
AYLC,2.173166036605835,4
AYLG,2.1729588508605957,4
IFCK,2.1729018688201904,4
TYIK,2.1728968620300293,4
LVGW,2.1725594997406006,4
LVGY,2.1720919609069824,4
LWMN,2.1713767051696777,4
VWMN,2.1711225509643555,4
AWIS,2.1703004837036133,4
AYGH,2.1697940826416016,4
IFIG,2.1697139739990234,4
FYCR,2.16949200630188,4
AYGR,2.1687488555908203,4
IWFG,2.1667487621307373,4
VWFN,2.1660900115966797,4
VYFE,2.166081428527832,4
IFVI,2.165557861328125,4
IYYE,2.1655001640319824,4
MYAK,2.16469407081604,4
MWGH,2.164630651473999,4
IYIK,2.16239857673645,4
VFIG,2.162048578262329,4
VWAI,2.1615302562713623,4
VWYK,2.161503314971924,4
LWYR,2.1611413955688477,4
FWGM,2.1609814167022705,4
LWAH,2.1607394218444824,4
YYGH,2.159637928009033,4
CYVG,2.1588869094848633,4
LYAD,2.1581993103027344,4
LFVK,2.1575164794921875,4
YWGL,2.1569180488586426,4
IYCL,2.1567628383636475,4
VYIE,2.1554903984069824,4
VWWR,2.155056953430176,4
MWGR,2.1545519828796387,4
IYTM,2.153740882873535,4
FYCK,2.1535706520080566,4
LWAW,2.1531620025634766,4
CWGW,2.153076648712158,4
TYIP,2.152979850769043,4
VWYR,2.1519055366516113,4
FYVV,2.1510324478149414,4
AYIW,2.150878429412842,4
IFCQ,2.1506507396698,4
YYAM,2.1486356258392334,4
YYGR,2.148533344268799,4
VWFC,2.148505687713623,4
IFVR,2.1477246284484863,4
WYAH,2.1469292640686035,4
AYIK,2.1466879844665527,4
LYMM,2.146625518798828,4
AYVK,2.1461684703826904,4
YYAH,2.1460671424865723,4
IYAD,2.145293712615967,4
LWWR,2.145206928253174,4
IYSH,2.1450462341308594,4
MYVQ,2.144918441772461,4
FYGP,2.1442222595214844,4
LWCR,2.1430163383483887,4
IYSR,2.1430087089538574,4
MWVS,2.1427626609802246,4
VWCE,2.1424622535705566,4
VWWH,2.1419260501861572,4
AYVH,2.1400279998779297,4
IFFK,2.139883518218994,4
VWCP,2.1398582458496094,4
IYQM,2.139686107635498,4
LYVQ,2.139382839202881,4
YYIV,2.139237642288208,4
VYLN,2.138533115386963,4
LWWK,2.138528823852539,4
IFFR,2.1379432678222656,4
VWCI,2.1378910541534424,4
LWYP,2.137314796447754,4
FYFN,2.137216567993164,4
TYIM,2.1369783878326416,4
AYVR,2.1355156898498535,4
VFIW,2.1331615447998047,4
WFAI,2.132434368133545,4
LYFE,2.13232421875,4
LFGE,2.1320853233337402,4
IFLC,2.1312661170959473,4
LWFG,2.131089687347412,4
CYAH,2.1306309700012207,4
CWGM,2.1301889419555664,4
LFIG,2.1294333934783936,4
CYIC,2.1292948722839355,4
LYDV,2.128917932510376,4
IYLV,2.128608226776123,4
VFGP,2.128303289413452,4
VWFG,2.1279778480529785,4
LWCE,2.127737045288086,4
VWYH,2.1266939640045166,4
IFVQ,2.1264820098876953,4
FWGH,2.126376152038574,4
VWWK,2.125380516052246,4
LWCY,2.124952554702759,4
TYIQ,2.1247923374176025,4
IYIE,2.1246137619018555,4
MYVP,2.124248504638672,4
VYMF,2.12388277053833,4
IYDC,2.123849391937256,4
LYAL,2.1225223541259766,4
IWYM,2.1224656105041504,4
LWFC,2.1217265129089355,4
MYVW,2.121368408203125,4
MYVR,2.120983600616455,4
IWCH,2.120941400527954,4
IFCP,2.120516061782837,4
FYCH,2.1203818321228027,4
LVGF,2.120039939880371,4
IFFH,2.1196742057800293,4
VWYP,2.1191515922546387,4
IYME,2.118886709213257,4
AWVN,2.1174912452697754,4
CYGQ,2.117363691329956,4
LYVP,2.116837501525879,4
VYLV,2.116790771484375,4
LYIC,2.1164746284484863,4
FWGK,2.116112232208252,4
FYCQ,2.116100788116455,4
LWYH,2.116032123565674,4
AYIY,2.115570068359375,4
IYSP,2.1151790618896484,4
AWVV,2.1146137714385986,4
YYAR,2.114529609680176,4
VWCH,2.1141128540039062,4
IWVS,2.1140925884246826,4
CYIN,2.113781452178955,4
FYFG,2.1129283905029297,4
LVGN,2.1120786666870117,4
LWYQ,2.1118032932281494,4
MYVI,2.1107351779937744,4
YWGN,2.1106624603271484,4
IFAE,2.110320806503296,4
IFVH,2.109978675842285,4
VYIQ,2.109933376312256,4
LWWQ,2.108912944793701,4
IWCI,2.1076431274414062,4
LFVQ,2.107616901397705,4
IWMG,2.106900930404663,4
VWWP,2.1063156127929688,4
AYII,2.106168746948242,4
IYLN,2.1055002212524414,4
IYEM,2.1047513484954834,4
IWWM,2.1044445037841797,4
LWCP,2.1042017936706543,4
LYLV,2.1036205291748047,4
FWGR,2.1031670570373535,4
VWMG,2.101271629333496,4
AYVQ,2.1011435985565186,4
LWCW,2.1008503437042236,4
CWGH,2.100843667984009,4
MYAQ,2.100802421569824,4
LWWP,2.1003386974334717,4
VYIP,2.1000192165374756,4
AYVP,2.099925994873047,4
MYVY,2.0998592376708984,4
IYFM,2.0995500087738037,4
YYVC,2.0994529724121094,4
AYIQ,2.0992095470428467,4
CWGK,2.0977463722229004,4
MWGQ,2.096386432647705,4
LWMG,2.095978260040283,4
LWWH,2.0956032276153564,4
CYGP,2.095473289489746,4
IYVR,2.0953660011291504,4
YWGW,2.094935417175293,4
YYGQ,2.094817638397217,4
VFIY,2.094780206680298,4
MYCH,2.0947136878967285,4
LFVY,2.094693660736084,4
IWDV,2.094376564025879,4
MYLN,2.0942792892456055,4
VYGD,2.09389066696167,4
YYAK,2.0935726165771484,4
VWWQ,2.093264579772949,4
LYFM,2.092233657836914,4
LVGG,2.0922226905822754,4
CWGR,2.092087984085083,4
IWWF,2.091926097869873,4
MYIK,2.090960741043091,4
LFVR,2.090787887573242,4
AYIP,2.0906825065612793,4
YWGG,2.0905771255493164,4
IFVP,2.090097427368164,4
VWYQ,2.088897228240967,4
LWGD,2.088611602783203,4
YYVN,2.087855815887451,4
AYGP,2.086318016052246,4
IWAI,2.0851497650146484,4
IYIQ,2.0838961601257324,4
LFVW,2.083549976348877,4
VFVR,2.0829458236694336,4
IYSK,2.081598997116089,4
FWGQ,2.0812551975250244,4
VFVH,2.0807132720947266,4
VYVW,2.0803542137145996,4
AWVG,2.0801920890808105,4
VYFM,2.0800981521606445,4
LYCL,2.0798611640930176,4
VFVK,2.0779049396514893,4
FYCM,2.077549934387207,4
LYIE,2.076641082763672,4
IFIK,2.076596260070801,4
IFFQ,2.076375961303711,4
IFIW,2.076108932495117,4
TYAH,2.0757529735565186,4
MWVA,2.075639247894287,4
LYWE,2.0755133628845215,4
AYAH,2.073873519897461,4
IYSQ,2.071082830429077,4
LYIK,2.0710208415985107,4
IWYE,2.0703938007354736,4
VFIK,2.0701708793640137,4
FYVN,2.06904935836792,4
MYVH,2.0685482025146484,4
VYWE,2.0673396587371826,4
LFVE,2.066359043121338,4
VYLG,2.0662312507629395,4
VYVY,2.0654847621917725,4
LFVP,2.0654706954956055,4
VFII,2.064422845840454,4
MYVE,2.063460350036621,4
YYAP,2.0603578090667725,4
TYIF,2.0601000785827637,4
LWCH,2.059866428375244,4
AYVM,2.058891534805298,4
VYVR,2.0586814880371094,4
IFVE,2.058260440826416,4
IFLN,2.05739164352417,4
LYYE,2.056861400604248,4
LWDV,2.0563106536865234,4
VWWF,2.0560007095336914,4
VWRN,2.0555145740509033,4
FWAK,2.054530620574951,4
IWVA,2.054523468017578,4
VYYE,2.054457426071167,4
VWVS,2.053682327270508,4
LYLN,2.0535526275634766,4
IYVW,2.0520825386047363,4
LWCI,2.0519802570343018,4
IYIP,2.0515501499176025,4
IFFM,2.0512850284576416,4
VYAD,2.051272392272949,4
AYIR,2.0512540340423584,4
IFFP,2.0509915351867676,4
AYGQ,2.0508060455322266,4
FYCP,2.0487465858459473,4
IWWE,2.04852557182312,4
IYCD,2.0483524799346924,4
IWYF,2.0482864379882812,4
LWYM,2.048067331314087,4
MYIQ,2.0472216606140137,4
LFAE,2.0456888675689697,4
IYMF,2.0453097820281982,4
LFIK,2.043585777282715,4
IYVY,2.04323148727417,4
VYME,2.042351722717285,4
CYIG,2.0404458045959473,4
IYLG,2.040266513824463,4
LWAD,2.0355162620544434,4
CWGQ,2.035198926925659,4
CYCH,2.034633159637451,4
YYVG,2.033931255340576,4
FYGE,2.033323049545288,4
FYFK,2.0326085090637207,4
VFIR,2.0322132110595703,4
VWYM,2.03118896484375,4
LYME,2.0306904315948486,4
LWVS,2.030672550201416,4
MYLG,2.0289783477783203,4
YYAL,2.0282039642333984,4
FWAQ,2.02786922454834,4
YWGH,2.027574300765991,4
IFIR,2.0275213718414307,4
LYMF,2.0275087356567383,4
VYVH,2.0269241333007812,4
VWWM,2.026378631591797,4
IYVH,2.0255842208862305,4
YWGM,2.0239439010620117,4
YWGK,2.0235605239868164,4
IFIY,2.0231821537017822,4
VFVQ,2.022953987121582,4
IFIQ,2.022399425506592,4
YYAQ,2.021653652191162,4
VYVI,2.021249771118164,4
MWGP,2.0199599266052246,4
IYPM,2.019545316696167,4
VFGE,2.0166165828704834,4
LYIQ,2.0163204669952393,4
AYIH,2.0163090229034424,4
WYCH,2.0142548084259033,4
CYVK,2.0140371322631836,4
YYCH,2.013226270675659,4
IWFK,2.0127458572387695,4
IWDC,2.0096960067749023,4
VFIQ,2.009209156036377,4
LFVI,2.0085456371307373,4
AYLK,2.0085437297821045,4
IYVI,2.007296085357666,4
LWFK,2.007103443145752,4
TYCH,2.0065970420837402,4
VWHN,2.0048375129699707,4
IWMK,2.0045735836029053,4
MYIR,2.004070997238159,4
AWVC,2.003422975540161,4
AWIN,2.002260446548462,4
IYDA,2.001697301864624,4
MYLC,2.001398801803589,4
YWGR,2.001326322555542,4
AYCH,2.000509262084961,4
LFVH,1.99905264377594,4
FYVG,1.9987350702285767,4
LYCD,1.9985511302947998,4
LYLG,1.997192144393921,4
LVGL,1.996641993522644,4
FYCF,1.9964311122894287,4
YYIC,1.9964220523834229,4
FYVC,1.9962064027786255,4
LWAI,1.9954339265823364,4
IFCE,1.9954208135604858,4
LWWM,1.9949843883514404,4
VFIH,1.992933988571167,4
VFVP,1.991857886314392,4
VWMK,1.9913954734802246,4
FYIV,1.99120032787323,4
LWMK,1.9905186891555786,4
LFIQ,1.9899380207061768,4
VYLE,1.9893674850463867,4
FYAE,1.9886637926101685,4
YYGP,1.9873082637786865,4
LYDC,1.986544132232666,4
VWTN,1.9850263595581055,4
LWYE,1.9846923351287842,4
LWWE,1.9846099615097046,4
LVGM,1.9845941066741943,4
IFII,1.9843909740447998,4
MWVN,1.9840543270111084,4
VWSN,1.9839425086975098,4
IFFF,1.9838374853134155,4
WFAY,1.98368239402771,4
VFIP,1.983612298965454,4
VYDV,1.9831916093826294,4
AYVF,1.9830169677734375,4
IWGD,1.9809043407440186,4
IWAD,1.980827808380127,4
VWYF,1.9807476997375488,4
LYVR,1.9807283878326416,4
VWVA,1.9804707765579224,4
VWNN,1.9797961711883545,4
FWAR,1.979032278060913,4
MYIP,1.9785494804382324,4
IYSE,1.9774534702301025,4
AYVE,1.9759647846221924,4
IFIP,1.9733071327209473,4
CYVQ,1.9729182720184326,4
YYIN,1.9718507528305054,4
VWYE,1.9702038764953613,4
IFVM,1.9692208766937256,4
VYCD,1.9691500663757324,4
LWYF,1.9688719511032104,4
MYIW,1.96843683719635,4
FWAY,1.9678326845169067,4
WFAF,1.9675923585891724,4
FYFR,1.967125415802002,4
IWFE,1.966564416885376,4
VWWE,1.9662840366363525,4
IFLG,1.9642696380615234,4
LWVA,1.9635993242263794,4
IWYL,1.9635378122329712,4
VWFK,1.9631154537200928,4
FWAP,1.962933897972107,4
IYLE,1.9619956016540527,4
LYVY,1.9618864059448242,4
FYFI,1.9618217945098877,4
MYII,1.9616018533706665,4
AYLQ,1.9615592956542969,4
YWGQ,1.9570246934890747,4
VYDC,1.956321358680725,4
LWWF,1.955960750579834,4
LFIR,1.9555974006652832,4
AYIE,1.9542193412780762,4
IFIH,1.954171895980835,4
LYLE,1.9536665678024292,4
IWME,1.953660488128662,4
VFVM,1.9525984525680542,4
LWFE,1.9525418281555176,4
FYFQ,1.9521681070327759,4
FYFY,1.9498724937438965,4
IWMQ,1.9490242004394531,4
LVGP,1.9489390850067139,4
CYVP,1.948593258857727,4
IWCM,1.946223258972168,4
IFFE,1.9448868036270142,4
VYIR,1.9438912868499756,4
CYVW,1.9421135187149048,4
CYVE,1.9417964220046997,4
AYLP,1.9414520263671875,4
LWMQ,1.9409433603286743,4
LYDA,1.9389381408691406,4
IYDI,1.9388887882232666,4
LYIP,1.9381046295166016,4
TYIE,1.9379854202270508,4
CYVR,1.936425805091858,4
CYIK,1.9358882904052734,4
WFAW,1.9354732036590576,4
IFIE,1.9349991083145142,4
MYIE,1.934980034828186,4
VYFF,1.9340784549713135,4
IWVN,1.932375431060791,4
IYIR,1.9323525428771973,4
FWAW,1.9313961267471313,4
MYLK,1.9309771060943604,4
VFVE,1.9308645725250244,4
AWIG,1.9304184913635254,4
FYCE,1.9299343824386597,4
LFIE,1.9264239072799683,4
VWEN,1.9249018430709839,4
IWFQ,1.9244112968444824,4
MYIY,1.9243887662887573,4
VWCM,1.9243099689483643,4
LYFF,1.9232972860336304,4
LWFQ,1.923182487487793,4
MYIH,1.9226235151290894,4
MYGE,1.9225919246673584,4
LWME,1.921788215637207,4
VYML,1.919635534286499,4
IYFF,1.9193936586380005,4
VWAD,1.9193379878997803,4
VWKN,1.9192332029342651,4
CYVY,1.9186309576034546,4
FYFW,1.9178884029388428,4
CWGP,1.9178757667541504,4
VWQN,1.9175219535827637,4
FWGP,1.9172790050506592,4
VYLK,1.916921615600586,4
VWMQ,1.9160600900650024,4
LFIP,1.9138197898864746,4
VWFE,1.9133164882659912,4
AYLE,1.9130280017852783,4
LWDC,1.9129042625427246,4
YYVK,1.9126038551330566,4
FYVK,1.912553310394287,4
VWGD,1.9124950170516968,4
FWAE,1.9122607707977295,4
LVGQ,1.9111292362213135,4
CYVI,1.91092050075531,4
VWAM,1.9102201461791992,4
MYAE,1.9081368446350098,4
IWVG,1.9077367782592773,4
VWME,1.9071509838104248,4
VYIW,1.9052436351776123,4
WFAT,1.9051049947738647,4
VWDV,1.9050477743148804,4
LFIW,1.9048280715942383,4
AYIM,1.904526710510254,4
IYLK,1.9026812314987183,4
LYVI,1.9009753465652466,4
YYIG,1.8993335962295532,4
CYVH,1.8984519243240356,4
AWVK,1.8979778289794922,4
IFLK,1.896080732345581,4
FYAL,1.8956786394119263,4
VYLC,1.895544171333313,4
IWAM,1.8937692642211914,4
CYIQ,1.8922640085220337,4
IWMP,1.8920403718948364,4
VFIE,1.8911744356155396,4
IYVD,1.8902403116226196,4
LYVW,1.8895862102508545,4
IWFP,1.8895785808563232,4
LYVH,1.8892899751663208,4
VFVF,1.8889778852462769,4
IWVV,1.8884650468826294,4
LWYL,1.8883607387542725,4
MYLQ,1.8874781131744385,4
NYIM,1.886863112449646,4
IYLC,1.886616826057434,4
LFIY,1.8857855796813965,4
VWDC,1.884260654449463,4
IYML,1.8814756870269775,4
FYFH,1.8804402351379395,4
VYIH,1.8803324699401855,4
CYGE,1.8797472715377808,4
LWMR,1.8781440258026123,4
MWVG,1.8773434162139893,4
IWMR,1.874069333076477,4
LWCM,1.87352454662323,4
MYVM,1.872647762298584,4
VYII,1.8724124431610107,4
IFGD,1.8723478317260742,4
FYFP,1.8720602989196777,4
IYYD,1.8720009326934814,4
LVGK,1.871475338935852,4
VWYL,1.8711135387420654,4
VFIM,1.8708466291427612,4
VWMP,1.8699911832809448,4
AWIV,1.8695614337921143,4
IFDV,1.8685683012008667,4
IYWD,1.8683446645736694,4
IWDA,1.8682879209518433,4
VYIY,1.8670985698699951,4
TYIL,1.8670847415924072,4
AWVE,1.866401195526123,4
IWWL,1.8663856983184814,4
FWAH,1.8636406660079956,4
LFGD,1.8631924390792847,4
WFAS,1.8613536357879639,4
IFFL,1.8607338666915894,4
IFAD,1.860488772392273,4
WFAM,1.8604774475097656,4
VWMR,1.8589167594909668,4
LYFL,1.858701467514038,4
MWVV,1.8581757545471191,4
LYIR,1.8581699132919312,4
IWFR,1.856859564781189,4
LWVN,1.8562731742858887,4
FYVE,1.8553235530853271,4
IYIW,1.854863166809082,4
LWDA,1.8543473482131958,4
LYFD,1.85391366481781,4
VWVN,1.8538038730621338,4
LYML,1.8527510166168213,4
FWGE,1.852610468864441,4
IFVF,1.8513638973236084,4
MWGE,1.8489798307418823,4
LWMP,1.8486971855163574,4
IYFD,1.8480863571166992,4
VWFQ,1.8477739095687866,4
IFLQ,1.845564603805542,4
IWCD,1.8438270092010498,4
YYVE,1.8413264751434326,4
LYLC,1.840951919555664,4
VYVD,1.840942144393921,4
LWFR,1.8405841588974,4
YYVQ,1.8404345512390137,4
IYII,1.836490273475647,4
WFAL,1.8364317417144775,4
GYAH,1.8360610008239746,4
WFAN,1.8359520435333252,4
CYIE,1.835802435874939,4
IYFL,1.8350422382354736,4
IYLQ,1.8348095417022705,4
IYIH,1.8346335887908936,4
LFII,1.8341646194458008,4
YYGE,1.8330186605453491,4
LYLK,1.8320491313934326,4
WFAH,1.8318700790405273,4
IFLW,1.8314300775527954,4
VWMW,1.8312385082244873,4
IFIM,1.8300150632858276,4
FYFE,1.8293206691741943,4
AYGE,1.8290570974349976,4
LVGH,1.8286755084991455,4
AYLR,1.82834792137146,4
LYWD,1.8282511234283447,4
LFVM,1.827886939048767,4
RYIM,1.8278684616088867,4
LFAD,1.8278160095214844,4
CYIR,1.8274896144866943,4
IYIY,1.8264225721359253,4
LWFP,1.8264211416244507,4
LVGR,1.825469732284546,4
IFLR,1.8239853382110596,4
VYLQ,1.8224568367004395,4
VYFL,1.8212271928787231,4
CYIP,1.821104884147644,4
LWCD,1.8210883140563965,4
LFIH,1.8206369876861572,4
YYAE,1.819819688796997,4
YYIK,1.819280743598938,4
WFAG,1.8179508447647095,4
LYYD,1.817335844039917,4
FYCL,1.8156726360321045,4
MYLE,1.8154008388519287,4
VWFP,1.815399169921875,4
YWGP,1.8147931098937988,4
LYVD,1.8139457702636719,4
IYMD,1.8122576475143433,4
IFLY,1.811524748802185,4
VWVG,1.811020851135254,4
LYMD,1.8099864721298218,4
VYLP,1.809584140777588,4
AYLW,1.8084365129470825,4
LYLQ,1.8082208633422852,4
VYFD,1.8078904151916504,4
FYDV,1.805098056793213,4
IWIA,1.8047797679901123,4
IFLE,1.8046762943267822,4
IWMW,1.8044987916946411,4
MYLR,1.8037724494934082,4
CWGE,1.8035626411437988,4
IYVM,1.8010168075561523,4
IYLP,1.7997468709945679,4
MYVD,1.7993783950805664,4
AWIC,1.797952651977539,4
CYIW,1.7962968349456787,4
WFAR,1.7959306240081787,4
LWAM,1.7943272590637207,4
LFVD,1.7942395210266113,4
AWVQ,1.7914559841156006,4
YYVP,1.7905339002609253,4
AYLY,1.7904481887817383,4
FYVQ,1.78966224193573,4
VYDA,1.7888586521148682,4
IFVD,1.7878069877624512,4
MYLP,1.7856521606445312,4
VWWL,1.785081386566162,4
VWCD,1.78471040725708,4
LWVV,1.7843611240386963,4
VWVV,1.7842991352081299,4
RYAH,1.7834794521331787,4
LWVG,1.7830214500427246,4
AWVP,1.7801513671875,4
LYIY,1.7782113552093506,4
FWAI,1.7776544094085693,4
VWPN,1.7740769386291504,4
VYMD,1.772007942199707,4
VWFR,1.7693555355072021,4
MWVE,1.7658419609069824,4
LYII,1.7656824588775635,4
AWIK,1.7633166313171387,4
VYWD,1.7630970478057861,4
MWVK,1.7627160549163818,4
MYIM,1.7605822086334229,4
LWMW,1.7583365440368652,4
VYYD,1.7576420307159424,4
VYVM,1.7565405368804932,4
CYIH,1.7561813592910767,4
FYVP,1.7552998065948486,4
CYII,1.7543257474899292,4
VWMY,1.7536183595657349,4
LYIW,1.7527246475219727,4
VFIF,1.7515347003936768,4
IWMY,1.7501561641693115,4
LWMY,1.749979019165039,4
IWVC,1.7496068477630615,4
YYVI,1.7492399215698242,4
YYVY,1.7464969158172607,4
CYIY,1.7463629245758057,4
AWIE,1.743732213973999,4
VWMH,1.7436931133270264,4
YYIQ,1.7435736656188965,4
VYDI,1.7434152364730835,4
AYIF,1.7408897876739502,4
IFLI,1.7402231693267822,4
AYLH,1.7399115562438965,4
FYAD,1.7394870519638062,4
LWMH,1.7389583587646484,4
LWIA,1.7389166355133057,4
IWFI,1.73716402053833,4
IWYD,1.7365329265594482,4
IWMH,1.7361996173858643,4
IFCD,1.7361873388290405,4
FYFM,1.7361112833023071,4
LVGE,1.7360427379608154,4
VWMI,1.7335008382797241,4
IFLP,1.7308911085128784,4
IFLH,1.730749249458313,4
LWWL,1.7303409576416016,4
LWFI,1.7299386262893677,4
IWFW,1.7294594049453735,4
LYIH,1.7294466495513916,4
AYVL,1.7286338806152344,4
MYVF,1.7282795906066895,4
YYVR,1.7256219387054443,4
NYAH,1.7250648736953735,4
YYVW,1.7246098518371582,4
RYCH,1.7225914001464844,4
VYID,1.7209088802337646,4
IWWD,1.7207841873168945,4
YYIE,1.7207165956497192,4
MWVC,1.7201061248779297,4
GYCH,1.7185050249099731,4
IWVE,1.7182081937789917,4
MYLW,1.7176722288131714,4
YWGE,1.7172009944915771,4
WFAK,1.7170038223266602,4
AYLI,1.7153913974761963,4
VWAF,1.7103617191314697,4
MYLY,1.7082972526550293,4
KYAH,1.7081077098846436,4
MYAD,1.7078397274017334,4
IYVF,1.7070109844207764,4
AYVD,1.7068285942077637,4
LYLP,1.7048473358154297,4
SYIM,1.7046862840652466,4
VYVF,1.7044237852096558,4
IWMI,1.7042335271835327,4
IYID,1.7036634683609009,4
IWFY,1.7014676332473755,4
TYID,1.7014272212982178,4
SYAH,1.699892282485962,4
MYLI,1.697546124458313,4
LWWD,1.6972556114196777,4
IWFH,1.696960687637329,4
FYLV,1.696751594543457,4
CYVM,1.6966509819030762,4
VWVC,1.695961356163025,4
LWYD,1.6957107782363892,4
MYLH,1.6914501190185547,4
VFGD,1.6913905143737793,4
LWMI,1.6905882358551025,4
IFIF,1.6902997493743896,4
VWFI,1.6891083717346191,4
LYVM,1.688368320465088,4
MYGD,1.6872241497039795,4
AYID,1.6864044666290283,4
FYVR,1.686063289642334,4
FYGD,1.6859488487243652,4
LFIM,1.6845483779907227,4
LFVF,1.6827363967895508,4
IWIV,1.682700276374817,4
IWVK,1.680983304977417,4
WFAQ,1.6801446676254272,4
EYIM,1.6797200441360474,4
LWFW,1.677986741065979,4
NYCH,1.6752973794937134,4
LWFY,1.6752350330352783,4
VWIN,1.6705687046051025,4
KYIM,1.6703017950057983,4
WFAP,1.6679081916809082,4
IFFD,1.666259527206421,4
LWVE,1.6659953594207764,4
GYIM,1.664639949798584,4
WYIM,1.6628142595291138,4
VWFW,1.6607906818389893,4
IFID,1.6600747108459473,4
KYCH,1.6596919298171997,4
LWFH,1.6582984924316406,4
VFVD,1.6569573879241943,4
MYID,1.656301498413086,4
FYVI,1.6561224460601807,4
LYID,1.6551392078399658,4
IYIM,1.6546998023986816,4
VWCF,1.6546974182128906,4
IWCF,1.6543426513671875,4
VYIM,1.6534242630004883,4
IWAF,1.6517996788024902,4
YYVH,1.6492615938186646,4
YYIP,1.6485737562179565,4
FYVY,1.6456576585769653,4
FYCD,1.6455447673797607,4
IYSD,1.6420621871948242,4
LFID,1.6417843103408813,4
IYLR,1.6385136842727661,4
AWIP,1.6339266300201416,4
QYAH,1.633875846862793,4
YYII,1.6332170963287354,4
CYVD,1.6326942443847656,4
VWVE,1.632675290107727,4
FYVW,1.6322720050811768,4
VWIV,1.631303310394287,4
LWVC,1.6306108236312866,4
AWIQ,1.6284644603729248,4
SYCH,1.6269447803497314,4
VWWD,1.626617193222046,4
YYIR,1.6258628368377686,4
VFVL,1.6247458457946777,4
AWVR,1.6229066848754883,4
VWFH,1.620285987854004,4
VFID,1.6196190118789673,4
VWYD,1.6193857192993164,4
IFVL,1.6191651821136475,4
VWFY,1.6178239583969116,4
IFLM,1.6149202585220337,4
MWVQ,1.6134684085845947,4
FYFF,1.6127487421035767,4
LWIV,1.6096272468566895,4
LYLY,1.6080576181411743,4
LYLR,1.6070289611816406,4
AYLD,1.60630202293396,4
IYLY,1.6047489643096924,4
IYLW,1.604645013809204,4
CYGD,1.6045180559158325,4
LWVK,1.6040970087051392,4
IWVP,1.6019814014434814,4
LYVF,1.6012687683105469,4
YYIY,1.6004550457000732,4
YYIW,1.599686622619629,4
LWMD,1.5958116054534912,4
IWLA,1.594954013824463,4
QYIM,1.594139575958252,4
VYLR,1.5913381576538086,4
VWVK,1.5907261371612549,4
FWAD,1.5886281728744507,4
MWVP,1.5880805253982544,4
IYDM,1.5877716541290283,4
LWFD,1.5877315998077393,4
AWVW,1.5868310928344727,4
CYIM,1.5818058252334595,4
FWAM,1.5814924240112305,4
MYIF,1.581477165222168,4
QYCH,1.5807874202728271,4
IWIC,1.5801870822906494,4
FYVH,1.577615737915039,4
CYVF,1.577094554901123,4
VYLW,1.5765970945358276,4
MWGD,1.5755107402801514,4
LYIM,1.574059247970581,4
VYLY,1.5716965198516846,4
AYLM,1.571488618850708,4
HYAH,1.571227788925171,4
LWCF,1.57027268409729,4
VWIC,1.56916081905365,4
YYAD,1.5673654079437256,4
IWMD,1.5608516931533813,4
EYAH,1.5592663288116455,4
AYGD,1.5574222803115845,4
IWFD,1.55723237991333,4
LWLA,1.5571787357330322,4
LYLW,1.554572343826294,4
LWAF,1.5542569160461426,4
VYIF,1.5537745952606201,4
IYLI,1.5474334955215454,4
MYVL,1.5456185340881348,4
LYLI,1.543357014656067,4
AYIL,1.5422923564910889,4
IYIF,1.5416178703308105,4
IWMM,1.5366593599319458,4
IWFM,1.5347132682800293,4
IWVQ,1.5322623252868652,4
VWMD,1.5322009325027466,4
IWCL,1.5317264795303345,4
FYFL,1.5313150882720947,4
IYLH,1.5288234949111938,4
MYLD,1.527055025100708,4
YYIH,1.5258536338806152,4
VFIL,1.525390625,4
HYCH,1.5234215259552002,4
MYLM,1.5227158069610596,4
LFIF,1.5224645137786865,4
VWMM,1.5211853981018066,4
VYLI,1.5203206539154053,4
IYVL,1.5202107429504395,4
VYLH,1.5115199089050293,4
IFLF,1.5104808807373047,4
HYIM,1.5095305442810059,4
CYID,1.5091990232467651,4
VYLD,1.508868932723999,4
LWFM,1.5077624320983887,4
LWMM,1.5070838928222656,4
LYLH,1.5052881240844727,4
VWCL,1.5048573017120361,4
EYCH,1.50372314453125,4
IFLD,1.4997838735580444,4
IYLD,1.4987826347351074,4
MWVR,1.4986865520477295,4
VWFD,1.4969314336776733,4
WFAE,1.4967212677001953,4
YYGD,1.4951194524765015,4
IWLV,1.4944775104522705,4
LYLD,1.4938902854919434,4
IFIL,1.4904059171676636,4
AWVD,1.486851692199707,4
CWGD,1.486830711364746,4
VWVP,1.4862310886383057,4
LWIC,1.4842472076416016,4
AWVY,1.4823400974273682,4
LVGD,1.4801216125488281,4
YYVM,1.4796457290649414,4
AWVI,1.477573037147522,4
VYVL,1.4775128364562988,4
FWGD,1.4760924577713013,4
LWVQ,1.4759385585784912,4
LFVL,1.4718289375305176,4
FYFD,1.4714024066925049,4
LWVP,1.4675567150115967,4
LWLV,1.46425199508667,4
IWVR,1.4625766277313232,4
LWCL,1.46030592918396,4
YYVF,1.4589662551879883,4
AWVH,1.458016037940979,4
LYIF,1.4542434215545654,4
AWIR,1.4510468244552612,4
VWFM,1.44767165184021,4
MYIL,1.4460926055908203,4
CYIF,1.44502854347229,4
YYVD,1.4336618185043335,4
LYVL,1.4311344623565674,4
FYVM,1.4307457208633423,4
FYVD,1.429983139038086,4
AYLF,1.4256548881530762,4
IWAL,1.4238872528076172,4
FYVF,1.4206881523132324,4
VWAL,1.4168493747711182,4
FWAF,1.4145007133483887,4
IWFF,1.4105507135391235,4
VWVQ,1.405041217803955,4
VWLV,1.4032444953918457,4
CYVL,1.399909496307373,4
YYIM,1.3984668254852295,4
MYLF,1.3983458280563354,4
IWLC,1.3976017236709595,4
PYIM,1.3936399221420288,4
IWVI,1.3934452533721924,4
IYLM,1.392320156097412,4
IYIL,1.3909850120544434,4
VWLN,1.389385461807251,4
IWVW,1.3876603841781616,4
LWVR,1.385284185409546,4
AWIW,1.3832719326019287,4
MWVD,1.3776435852050781,4
VYIL,1.3776021003723145,4
MWVI,1.3751788139343262,4
LYLM,1.3733772039413452,4
IWVY,1.3699147701263428,4
MWVW,1.3617044687271118,4
LFIL,1.3525621891021729,4
LWFF,1.3511743545532227,4
VWFF,1.3466975688934326,4
YWGD,1.345240592956543,4
MWVH,1.3425483703613281,4
VWLC,1.3418381214141846,4
YYIF,1.3413152694702148,4
MWVY,1.3412251472473145,4
AWID,1.3403968811035156,4
VYLM,1.3383212089538574,4
IWFL,1.335580825805664,4
IYLF,1.3353856801986694,4
VWVR,1.333756685256958,4
LWLC,1.3294110298156738,4
LWAL,1.3273963928222656,4
LYIL,1.3271231651306152,4
IWVH,1.3267834186553955,4
VWVI,1.3196160793304443,4
VWDN,1.3175454139709473,4
YYVL,1.3147690296173096,4
YYID,1.3114843368530273,4
IWVD,1.3112144470214844,4
FYIM,1.308052659034729,4
CYIL,1.3062167167663574,4
IWMF,1.304307222366333,4
VWVW,1.3041551113128662,4
LWFL,1.3034472465515137,4
LWVI,1.3015615940093994,4
LYLF,1.3014578819274902,4
VYLF,1.2975308895111084,4
VWMF,1.2942187786102295,4
IFLL,1.2904638051986694,4
AWII,1.2902493476867676,4
LWVY,1.2849509716033936,4
LWVD,1.2767802476882935,4
VWVY,1.2751379013061523,4
AWIY,1.2750582695007324,4
AWIH,1.2735681533813477,4
PYAH,1.2687709331512451,4
VWFL,1.2664754390716553,4
LWMF,1.2663207054138184,4
WFAD,1.2643458843231201,4
LWVW,1.2598265409469604,4
FYVL,1.2571134567260742,4
AWVM,1.2532254457473755,4
LWVH,1.242175579071045,4
MYLL,1.2340376377105713,4
YYIL,1.2256715297698975,4
IWVM,1.2177224159240723,4
IWML,1.215811014175415,4
IWVF,1.2141287326812744,4
VWVH,1.2122957706451416,4
AYLL,1.2073935270309448,4
FWAL,1.1859118938446045,4
VWML,1.182141661643982,4
LWML,1.1820749044418335,4
MWVM,1.1790990829467773,4
PYCH,1.1780855655670166,4
VWVD,1.1779205799102783,4
AWVF,1.168982982635498,4
MWVF,1.157907247543335,4
IYLL,1.153372883796692,4
LYLL,1.1440885066986084,4
AWIM,1.1272927522659302,4
VWVF,1.1257286071777344,4
LWVM,1.121124505996704,4
DYIM,1.1083687543869019,4
LWVF,1.108288049697876,4
VWVM,1.1040751934051514,4
VYLL,1.093625545501709,4
IWVL,1.0714237689971924,4
AWIF,1.0531036853790283,4
DYAH,1.0279734134674072,4
DYCH,1.0079532861709595,4
AWVL,1.0046334266662598,4
MWVL,1.0032154321670532,4
VWVL,0.9832829833030701,4
LWVL,0.9722209572792053,4
AWIL,0.9100084900856018,4
GYDM,0.8146439790725708,4
GWDM,0.7072759866714478,4
GFDM,0.6199894547462463,4
GVDM,0.3913532495498657,4
GIDM,0.3358953297138214,4
GCDM,0.17103950679302216,4
GLDM,0.10041426867246628,4
GMDM,0.018627798184752464,4
GHDM,-0.02614598162472248,4
GADM,-0.03262973949313164,4
GTDM,-0.36083605885505676,4
GRDM,-0.3751612901687622,4
GGDM,-0.42410096526145935,4
GNDM,-0.5543994903564453,4
GSDM,-0.6759037971496582,4
GKDM,-0.6815019249916077,4
GQDM,-0.700041651725769,4
GPDM,-0.9728547930717468,4
GEDM,-1.0602610111236572,4
GDDM,-1.5675740242004395,4
