partial,score
IY--,2.235365629196167
IW--,2.1624488830566406
LY--,2.1465816497802734
VY--,2.0931506156921387
LW--,2.0809903144836426
VW--,2.0424540042877197
IF--,1.8725972175598145
FY--,1.834368109703064
LF--,1.8106164932250977
MY--,1.7805471420288086
FW--,1.7801525592803955
MW--,1.7466638088226318
YY--,1.7217559814453125
VF--,1.7155896425247192
CW--,1.7148631811141968
CY--,1.7106367349624634
YW--,1.6916847229003906
AW--,1.6703133583068848
WW--,1.6593544483184814
WY--,1.6576694250106812
AY--,1.6574995517730713
LV--,1.6189038753509521
IV--,1.6142578125
TW--,1.611412763595581
TY--,1.6076710224151611
FF--,1.535366177558899
VV--,1.5017921924591064
IC--,1.496900200843811
LI--,1.4923239946365356
MF--,1.4836742877960205
GY--,1.4807549715042114
YF--,1.4569311141967773
II--,1.452826976776123
LC--,1.4506654739379883
IA--,1.4454628229141235
LA--,1.4385558366775513
CF--,1.4353166818618774
RW--,1.4146602153778076
RY--,1.4143199920654297
GW--,1.4069483280181885
L-A-,1.384853720664978
WF--,1.3734526634216309
L-G-,1.3729746341705322
FV--,1.3604463338851929
-YI-,1.3497676849365234
VI--,1.3489491939544678
I-G-,1.3482329845428467
LH--,1.347936987876892
AF--,1.3404302597045898
I-A-,1.3372527360916138
IH--,1.3347662687301636
NY--,1.3234000205993652
-WI-,1.3209936618804932
SW--,1.3208802938461304
VC--,1.3168106079101562
-YL-,1.31580650806427
TF--,1.3152213096618652
VA--,1.3063722848892212
NW--,1.3034770488739014
-WL-,1.2972338199615479
KY--,1.2927684783935547
KW--,1.291463851928711
MV--,1.2870110273361206
SY--,1.2854647636413574
QY--,1.2813777923583984
YV--,1.2712459564208984
QW--,1.2696154117584229
L-Y-,1.265199899673462
I-Y-,1.2619898319244385
L-C-,1.2534208297729492
-YV-,1.2419395446777344
CV--,1.2416658401489258
HW--,1.2377369403839111
FI--,1.2371104955673218
L--C,1.2343668937683105
HY--,1.229947566986084
I-C-,1.227125883102417
EW--,1.226740837097168
VH--,1.2210748195648193
AV--,1.2177993059158325
GF--,1.2173064947128296
-WV-,1.2153112888336182
I--C,1.2118303775787354
WV--,1.1942861080169678
-YG-,1.1942484378814697
L--V,1.1938445568084717
MI--,1.189140796661377
IM--,1.1872988939285278
LM--,1.1869605779647827
EY--,1.1857643127441406
-WG-,1.1857364177703857
LS--,1.1819963455200195
-YF-,1.1802687644958496
YI--,1.177099585533142
LN--,1.1759862899780273
L-W-,1.174699068069458
RF--,1.174023151397705
TV--,1.1711761951446533
V-G-,1.1627466678619385
-YC-,1.1602351665496826
V-A-,1.1561501026153564
-WF-,1.155282735824585
I-W-,1.1516058444976807
FA--,1.1441779136657715
-WA-,1.1414170265197754
FC--,1.1321794986724854
-YA-,1.1297850608825684
-WC-,1.1296021938323975
LR--,1.1290035247802734
LL--,1.1252703666687012
CI--,1.1197965145111084
L-R-,1.1136624813079834
-YY-,1.1094658374786377
IL--,1.1053082942962646
L-T-,1.1043024063110352
MC--,1.0970280170440674
AI--,1.095496654510498
V-Y-,1.0897245407104492
I--V,1.088639259338379
F-A-,1.0878480672836304
-W-C,1.0875147581100464
CT--,0.6446370482444763
-F-S,0.34725433588027954
T--R,0.20619511604309082
-NN-,-0.10089141875505447
G-D-,-0.24328896403312683
-Q-Y,-0.4721662104129791
--DR,-0.8774686455726624
