partial,score,filled
L---,0.9602370858192444,1
I---,0.9030585885047913,1
V---,0.7349426746368408,1
-W--,0.6791315078735352,1
F---,0.6551885008811951,1
-Y--,0.6533704400062561,1
M---,0.6519733667373657,1
Y---,0.5588820576667786,1
C---,0.5268043875694275,1
W---,0.4878844618797302,1
-F--,0.4184231758117676,1
A---,0.41753485798835754,1
T---,0.4138803482055664,1
R---,0.31559762358665466,1
-V--,0.2992400527000427,1
G---,0.27118897438049316,1
-I--,0.25698262453079224,1
N---,0.19816158711910248,1
K---,0.14835456013679504,1
S---,0.13143181800842285,1
H---,0.11492637544870377,1
--V-,0.10347341746091843,1
-C--,0.09323958307504654,1
Q---,0.08774684369564056,1
--A-,0.07184780389070511,1
--C-,0.06652893871068954,1
-A--,0.06407476216554642,1
--I-,0.06400397419929504,1
--Y-,0.06069893762469292,1
--F-,0.05005164071917534,1
---C,-0.007021228317171335,1
--W-,-0.007868753746151924,1
--M-,-0.007969746366143227,1
E---,-0.011866973713040352,1
--L-,-0.02745223231613636,1
--G-,-0.03623626008629799,1
P---,-0.061789777129888535,1
-R--,-0.06240935996174812,1
-H--,-0.06509987264871597,1
-M--,-0.06555212289094925,1
-T--,-0.08164609968662262,1
--R-,-0.10366194695234299,1
-S--,-0.13397707045078278,1
-N--,-0.1340932548046112,1
-L--,-0.14515119791030884,1
--T-,-0.16408655047416687,1
---V,-0.19739818572998047,1
--S-,-0.23294061422348022,1
--K-,-0.23482990264892578,1
--H-,-0.26097336411476135,1
--N-,-0.26123327016830444,1
---A,-0.2708306610584259,1
--Q-,-0.30451899766921997,1
---I,-0.3242073953151703,1
-G--,-0.3355104327201843,1
---T,-0.3355104327201843,1
D---,-0.3355104327201843,1
--E-,-0.3355104327201843,1
-Q--,-0.34374523162841797,1
---W,-0.3466951847076416,1
-K--,-0.3503183126449585,1
---F,-0.36931270360946655,1
---Y,-0.3731479048728943,1
---S,-0.46943536400794983,1
---R,-0.47213494777679443,1
---L,-0.4768233001232147,1
---N,-0.48671799898147583,1
---M,-0.4938886761665344,1
---H,-0.5037410259246826,1
---G,-0.549293577671051,1
--P-,-0.5614444017410278,1
---K,-0.6023262143135071,1
---Q,-0.6026143431663513,1
-E--,-0.6201271414756775,1
---P,-0.6766498684883118,1
--D-,-0.7420967221260071,1
---E,-0.8092707991600037,1
-P--,-0.8533795475959778,1
---D,-1.057405948638916,1
-D--,-1.234522819519043,1
