Variant,YUDCA,SUDCA,YMDCA,SMDCA,Conversion,Combo
S68A,0.3736,0.476,0.1673,0.2127,0.787,AQTVGF
S68G,0.3856,0.4633,0.1781,0.2142,0.8322,GQTVGF
S68I,0.3582,0.5307,0.1724,0.2557,0.6753,IQTVGF
S68L,0.1831,0.4366,0.1224,0.2923,0.4191,LQTVGF
S68M,0.3089,0.4875,0.1623,0.2564,0.6336,MQTVGF
S68V,0.3176,0.4886,0.1454,0.224,0.6505,VQTVGF
S68F,0.2453,0.428,0.144,0.2512,0.5734,FQTVGF
S68W,0.3909,0.5263,0.1811,0.2438,0.7427,WQTVGF
S68P,0.3329,0.4814,0.1642,0.2374,0.6916,PQTVGF
S68D,0.2809,0.3774,0.1025,0.1379,0.7437,DQTVGF
S68E,0.2614,0.4461,0.111,0.1903,0.5866,EQTVGF
S68H,0.2989,0.4067,0.136,0.185,0.7349,HQTVGF
S68K,0.3102,0.4193,0.1509,0.2041,0.7404,KQTVGF
S68R,0.4455,0.5033,0.1801,0.2033,0.8842,RQTVGF
S68T,0.2697,0.3862,0.1225,0.1754,0.6985,TQTVGF
S68C,0.256,0.4644,0.1108,0.2006,0.5535,CQTVGF
S68Y,0.2788,0.5064,0.1667,0.3038,0.5509,YQTVGF
S68N,0.3055,0.4204,0.1428,0.1966,0.727,NQTVGF
S68Q,0.2529,0.4932,0.06,0.1171,0.5132,QQTVGF
Q96A,0.2841,0.4008,0.1507,0.2142,0.71,SATVGF
Q96G,0.7069,0.8034,0.0454,0.0517,0.8804,SGTVGF
Q96I,0.0164,0.4139,0.0135,0.3443,0.0394,SITVGF
Q96L,0.3389,0.3577,0.0918,0.0964,0.9476,SLTVGF
Q96M,0.3716,0.4226,0.1996,0.2271,0.8791,SMTVGF
Q96V,0.247,0.3754,0.17,0.2581,0.659,SVTVGF
Q96F,0.1353,0.2206,0.2014,0.3285,0.6135,SFTVGF
Q96W,0.2208,0.4094,0.1217,0.2256,0.5389,SWTVGF
Q96P,0.0382,0.2119,0.0124,0.0692,0.1814,SPTVGF
Q96D,0.0612,0.1586,0.0269,0.0697,0.3862,SDTVGF
Q96E,0.0988,0.1535,0.215,0.3345,0.6436,SETVGF
Q96H,0.3848,0.4391,0.0732,0.0834,0.877,SHTVGF
Q96K,0.247,0.2801,0.2315,0.2626,0.882,SKTVGF
Q96R,0.3737,0.5173,0.1358,0.188,0.7229,SRTVGF
Q96S,0.3611,0.5232,0.1562,0.2263,0.6902,SSTVGF
Q96T,0.3077,0.4111,0.1245,0.1663,0.7487,STTVGF
Q96C,0.2717,0.4248,0.1351,0.2108,0.6404,SCTVGF
Q96Y,0.1067,0.1816,0.1972,0.3358,0.5874,SYTVGF
Q96N,0.2488,0.2782,0.1665,0.1857,0.8955,SNTVGF
T173A,0.3036,0.4004,0.136,0.1797,0.7589,SQAVGF
T173G,0.4015,0.4463,0.1121,0.1244,0.8997,SQGVGF
T173I,0.1986,0.3427,0.1253,0.2166,0.5786,SQIVGF
T173L,0.2683,0.461,0.1613,0.2764,0.5831,SQLVGF
T173M,0.1952,0.3364,0.0832,0.1439,0.5796,SQMVGF
T173V,0.079,0.1938,0.0461,0.1133,0.4079,SQVVGF
T173F,0.4531,0.4655,0.0491,0.0504,0.9738,SQFVGF
T173W,0.3432,0.482,0.0874,0.1229,0.712,SQWVGF
T173P,0.2751,0.3643,0.1323,0.1749,0.7557,SQPVGF
T173D,0.2395,0.3962,0.1387,0.2292,0.6046,SQDVGF
T173E,0.4904,0.5831,0.1175,0.1395,0.8413,SQEVGF
T173H,0.3549,0.4034,0.0794,0.0904,0.8798,SQHVGF
T173K,0.3225,0.455,0.1781,0.2514,0.7089,SQKVGF
T173R,0.3407,0.5237,0.1508,0.2318,0.6502,SQRVGF
T173S,0.3945,0.4255,0.1204,0.1299,0.9271,SQSVGF
T173C,0.3032,0.4121,0.1384,0.188,0.736,SQCVGF
T173Y,0.3389,0.3686,0.0486,0.0529,0.9201,SQYVGF
T173N,0.3432,0.3948,0.055,0.0633,0.8689,SQNVGF
T173Q,0.413,0.6015,0.1729,0.252,0.6867,SQQVGF
V192A,0.5117,0.5203,0.0172,0.0175,0.9833,SQTAGF
V192G,0.1156,0.2721,0.0615,0.1423,0.427,SQTGGF
V192I,0.3859,0.4961,0.156,0.2043,0.783,SQTIGF
V192L,0.1756,0.3991,0.0643,0.146,0.4482,SQTLGF
V192M,0.4014,0.479,0.1033,0.1234,0.8381,SQTMGF
V192F,0.3267,0.3697,0.0988,0.1116,0.8821,SQTFGF
V192W,0.1813,0.3195,0.0787,0.1382,0.5673,SQTWGF
V192P,0.0967,0.4475,0.0352,0.1576,0.223,SQTPGF
V192D,0.3122,0.3553,0.1186,0.1349,0.8796,SQTDGF
V192E,0.3961,0.6408,0.1223,0.1979,0.6185,SQTEGF
V192H,0.5416,0.581,0.1164,0.1247,0.9326,SQTHGF
V192K,0.4926,0.5707,0.1525,0.1767,0.8636,SQTKGF
V192R,0.1037,0.1948,0.0578,0.1093,0.531,SQTRGF
V192S,0.4084,0.6026,0.1234,0.1819,0.6778,SQTSGF
V192T,0.4406,0.5191,0.1936,0.2276,0.8503,SQTTGF
V192C,0.317,0.3362,0.0141,0.0149,0.9425,SQTCGF
V192Y,0.3675,0.4108,0.0526,0.0583,0.8962,SQTYGF
V192N,0.4975,0.5482,0.0981,0.1085,0.9074,SQTNGF
V192Q,0.5067,0.5995,0.1428,0.169,0.8444,SQTQGF
G294A,0.6063,0.7246,0.1017,0.1233,0.838,SQTVAF
G294I,0.0112,0.0542,0.0049,0.0239,0.2093,SQTVIF
G294L,0,0,0,0,0.0365,SQTVLF
G294M,0,0,0,0,0.047,SQTVMF
G294V,0.0733,0.3106,0.0388,0.1642,0.2602,SQTVVF
G294F,0,0,0,0,0.2896,SQTVFF
G294W,0,0,0,0,0.0971,SQTVWF
G294P,0.1517,0.3304,0.0907,0.1982,0.4614,SQTVPF
G294D,0,0,0,0,0.0854,SQTVDF
G294E,0.0083,0.0239,0.0093,0.0269,0.3506,SQTVEF
G294H,0,0,0,0,0.2576,SQTVHF
G294K,0.0075,0.0289,0.0124,0.0475,0.2655,SQTVKF
G294R,0.0296,0.0697,0.0159,0.0384,0.4321,SQTVRF
G294S,0.1661,0.5079,0.09,0.2687,0.3486,SQTVSF
G294T,0.0264,0.1524,0.011,0.0619,0.1819,SQTVTF
G294C,0.3804,0.4817,0.15,0.19,0.7899,SQTVCF
G294Y,0.0216,0.1508,0.0123,0.0871,0.1433,SQTVYF
G294N,0.246,0.4373,0.1566,0.2783,0.5659,SQTVNF
G294Q,0,0,0,0,0.1046,SQTVQF
F296A,0.3553,0.4331,0.1743,0.213,0.8202,SQTVGA
F296G,0.0462,0.2019,0.0276,0.1175,0.2318,SQTVGG
F296I,0.0521,0.2124,0.035,0.1434,0.2464,SQTVGI
F296L,0.1012,0.2647,0.0636,0.1662,0.383,SQTVGL
F296M,0.2015,0.3699,0.1674,0.3066,0.5468,SQTVGM
F296V,0.0366,0.1019,0.0209,0.0586,0.3589,SQTVGV
F296W,0.0482,0.1428,0.0304,0.0897,0.3396,SQTVGW
F296P,0.0113,0.0409,0.0066,0.0238,0.2765,SQTVGP
F296D,0.0088,0.0549,0.0032,0.0199,0.162,SQTVGD
F296E,0.008,0.0809,0.0024,0.0234,0.1014,SQTVGE
F296H,0.4694,0.601,0.1251,0.1601,0.7811,SQTVGH
F296K,0.0157,0.1682,0.0058,0.0606,0.0952,SQTVGK
F296R,0.0773,0.4552,0.0201,0.1198,0.1726,SQTVGR
F296S,0.322,0.5094,0.1663,0.2632,0.6319,SQTVGS
F296T,0.2045,0.4748,0.1753,0.4068,0.4305,SQTVGT
F296C,0.1006,0.3003,0.0404,0.1198,0.3351,SQTVGC
F296Y,0.3212,0.3941,0.2018,0.2475,0.8152,SQTVGY
F296N,0.1661,0.4706,0.0988,0.2808,0.3531,SQTVGN
F296Q,0.1092,0.2589,0.1033,0.2445,0.4234,SQTVGQ
