Combo,NormIso1,NormIso2,PlateNormIso1,PlateNormIso2,Diff,round,yield1,yield2,ref_pos,mut_aa,weight
AQTVGF,6.088847617872819,4.9776190435644265,6.088847617872819,4.9776190435644265,1.1112285743083925,initial,0.1792522439991702,0.41352845292476426,68.0,A,1.785915328951285
AQTVGF,6.088847617872819,4.9776190435644265,6.088847617872819,4.9776190435644265,1.1112285743083925,initial,0.1792522439991702,0.41352845292476426,68.0,A,1.785915328951285
AQTVGF,6.088847617872819,4.9776190435644265,6.088847617872819,4.9776190435644265,1.1112285743083925,initial,0.1792522439991702,0.41352845292476426,68.0,A,1.785915328951285
CQTVGF,5.9076613335362795,4.160743675510242,5.9076613335362795,4.160743675510242,1.746917658026038,initial,0.17391822185122507,0.3456644391809767,68.0,C,0.7338406903297667
CQTVGF,5.9076613335362795,4.160743675510242,5.9076613335362795,4.160743675510242,1.746917658026038,initial,0.17391822185122507,0.3456644391809767,68.0,C,0.7338406903297667
DQTVGF,4.288321027403253,3.88515245692499,4.288321027403253,3.88515245692499,0.4031685704782628,initial,0.12624575541921798,0.32276899273082005,68.0,D,1.741121406037316
DQTVGF,4.288321027403253,3.88515245692499,4.288321027403253,3.88515245692499,0.4031685704782628,initial,0.12624575541921798,0.32276899273082005,68.0,D,1.741121406037316
DQTVGF,4.288321027403253,3.88515245692499,4.288321027403253,3.88515245692499,0.4031685704782628,initial,0.12624575541921798,0.32276899273082005,68.0,D,1.741121406037316
EQTVGF,4.896695911934833,3.891294490574687,4.896695911934833,3.891294490574687,1.0054014213601459,initial,0.14415596931994296,0.32327925790996326,68.0,E,1.6840003120473939
EQTVGF,4.896695911934833,3.891294490574687,4.896695911934833,3.891294490574687,1.0054014213601459,initial,0.14415596931994296,0.32327925790996326,68.0,E,1.6840003120473939
EQTVGF,4.896695911934833,3.891294490574687,4.896695911934833,3.891294490574687,1.0054014213601459,initial,0.14415596931994296,0.32327925790996326,68.0,E,1.6840003120473939
FQTVGF,6.44429401666166,3.8794823049637133,6.44429401666166,3.8794823049637133,2.5648117116979465,initial,0.18971638575520627,0.3222979303317346,68.0,F,0.8164483405526713
FQTVGF,6.44429401666166,3.8794823049637133,6.44429401666166,3.8794823049637133,2.5648117116979465,initial,0.18971638575520627,0.3222979303317346,68.0,F,0.8164483405526713
GQTVGF,6.171468379877175,4.932538466626361,6.171468379877175,4.932538466626361,1.2389299132508143,initial,0.1816845526919892,0.40978326851531116,68.0,G,1.50338905110166
GQTVGF,6.171468379877175,4.932538466626361,6.171468379877175,4.932538466626361,1.2389299132508143,initial,0.1816845526919892,0.40978326851531116,68.0,G,1.50338905110166
GQTVGF,6.171468379877175,4.932538466626361,6.171468379877175,4.932538466626361,1.2389299132508143,initial,0.1816845526919892,0.40978326851531116,68.0,G,1.50338905110166
HQTVGF,4.658216470473794,4.302009012111683,4.658216470473794,4.302009012111683,0.35620745836211043,initial,0.13713526889970573,0.35740041889043606,68.0,H,1.2290184712465897
HQTVGF,4.658216470473794,4.302009012111683,4.658216470473794,4.302009012111683,0.35620745836211043,initial,0.13713526889970573,0.35740041889043606,68.0,H,1.2290184712465897
IQTVGF,6.884265755559255,5.216360975816386,6.884265755559255,5.216360975816386,1.6679047797428694,initial,0.20266890591059872,0.4333625505180835,68.0,I,1.0314196403708715
IQTVGF,6.884265755559255,5.216360975816386,6.884265755559255,5.216360975816386,1.6679047797428694,initial,0.20266890591059872,0.4333625505180835,68.0,I,1.0314196403708715
KQTVGF,6.318187206434023,4.514877907424417,6.318187206434023,4.514877907424417,1.803309299009606,initial,0.18600387229855012,0.37508504766255735,68.0,K,1.4470585604887614
KQTVGF,6.318187206434023,4.514877907424417,6.318187206434023,4.514877907424417,1.803309299009606,initial,0.18600387229855012,0.37508504766255735,68.0,K,1.4470585604887614
KQTVGF,6.318187206434023,4.514877907424417,6.318187206434023,4.514877907424417,1.803309299009606,initial,0.18600387229855012,0.37508504766255735,68.0,K,1.4470585604887614
LQTVGF,7.356895382953443,3.5580215436174383,7.356895382953443,3.5580215436174383,3.7988738393360046,initial,0.21658285590701812,0.29559175411533417,68.0,L,1.1616091306793535
LQTVGF,7.356895382953443,3.5580215436174383,7.356895382953443,3.5580215436174383,3.7988738393360046,initial,0.21658285590701812,0.29559175411533417,68.0,L,1.1616091306793535
MQTVGF,6.991406715940721,4.523411869213242,6.991406715940721,4.523411869213242,2.4679948467274793,initial,0.20582307543131884,0.3757940283991235,68.0,M,0.8675982985108661
MQTVGF,6.991406715940721,4.523411869213242,6.991406715940721,4.523411869213242,2.4679948467274793,initial,0.20582307543131884,0.3757940283991235,68.0,M,0.8675982985108661
NQTVGF,5.8968896811340565,4.400074064808028,5.8968896811340565,4.400074064808028,1.4968156163260282,initial,0.17360111047221638,0.3655474243507948,68.0,N,1.2826754741240287
NQTVGF,5.8968896811340565,4.400074064808028,5.8968896811340565,4.400074064808028,1.4968156163260282,initial,0.17360111047221638,0.3655474243507948,68.0,N,1.2826754741240287
NQTVGF,5.8968896811340565,4.400074064808028,5.8968896811340565,4.400074064808028,1.4968156163260282,initial,0.17360111047221638,0.3655474243507948,68.0,N,1.2826754741240287
PQTVGF,6.480351303133164,4.77207148751412,6.480351303133164,4.77207148751412,1.7082798156190435,initial,0.19077789195772082,0.39645206316652315,68.0,P,2.2074421636927943
PQTVGF,6.480351303133164,4.77207148751412,6.480351303133164,4.77207148751412,1.7082798156190435,initial,0.19077789195772082,0.39645206316652315,68.0,P,2.2074421636927943
PQTVGF,6.480351303133164,4.77207148751412,6.480351303133164,4.77207148751412,1.7082798156190435,initial,0.19077789195772082,0.39645206316652315,68.0,P,2.2074421636927943
PQTVGF,6.480351303133164,4.77207148751412,6.480351303133164,4.77207148751412,1.7082798156190435,initial,0.19077789195772082,0.39645206316652315,68.0,P,2.2074421636927943
QQTVGF,2.986616263754682,4.373400056566508,2.986616263754682,4.373400056566508,-1.3867837928118263,initial,0.08792430043264494,0.3633314127868565,68.0,Q,1.3575435333929176
QQTVGF,2.986616263754682,4.373400056566508,2.986616263754682,4.373400056566508,-1.3867837928118263,initial,0.08792430043264494,0.3633314127868565,68.0,Q,1.3575435333929176
QQTVGF,2.986616263754682,4.373400056566508,2.986616263754682,4.373400056566508,-1.3867837928118263,initial,0.08792430043264494,0.3633314127868565,68.0,Q,1.3575435333929176
RQTVGF,6.272419089936453,5.193600874667008,6.272419089936453,5.193600874667008,1.078818215269445,initial,0.18465648473021565,0.4314716968118559,68.0,R,1.5347427166062357
RQTVGF,6.272419089936453,5.193600874667008,6.272419089936453,5.193600874667008,1.078818215269445,initial,0.18465648473021565,0.4314716968118559,68.0,R,1.5347427166062357
RQTVGF,6.272419089936453,5.193600874667008,6.272419089936453,5.193600874667008,1.078818215269445,initial,0.18465648473021565,0.4314716968118559,68.0,R,1.5347427166062357
SATVGF,6.250990143447144,4.2030873422939745,6.250990143447144,4.2030873422939745,2.0479028011531692,initial,0.1840256286165774,0.34918224776837314,96.0,A,1.2796066847000573
SATVGF,6.250990143447144,4.2030873422939745,6.250990143447144,4.2030873422939745,2.0479028011531692,initial,0.1840256286165774,0.34918224776837314,96.0,A,1.2796066847000573
SCTVGF,6.106948607978998,4.254768960745513,6.106948607978998,4.254768960745513,1.852179647233485,initial,0.1797851269515396,0.3534758306110667,96.0,C,0.9793230388954519
SCTVGF,6.106948607978998,4.254768960745513,6.106948607978998,4.254768960745513,1.852179647233485,initial,0.1797851269515396,0.3534758306110667,96.0,C,0.9793230388954519
SDTVGF,1.453137698533216,0.7048357753577845,1.453137698533216,0.7048357753577845,0.7483019231754315,initial,0.042779555286829224,0.0585560375751481,96.0,D,0.5092677205511407
SETVGF,9.276257684155855,1.6526292868375387,9.276257684155855,1.6526292868375387,7.623628397318316,initial,0.27308780087033774,0.1372964114494991,96.0,E,1.1266665419501332
SETVGF,9.276257684155855,1.6526292868375387,9.276257684155855,1.6526292868375387,7.623628397318316,initial,0.27308780087033774,0.1372964114494991,96.0,E,1.1266665419501332
SFTVGF,9.010033596134532,2.107478243417055,9.010033596134532,2.107478243417055,6.902555352717477,initial,0.2652503136840306,0.1750841536777752,96.0,F,0.4283661091944436
SGTVGF,2.0579920627444057,10.0,2.0579920627444057,10.0,-7.942007937255594,initial,0.06058612705244436,0.8307756164253188,96.0,G,0.3675416625437291
SHTVGF,2.636346570561729,4.702139568826908,2.636346570561729,4.702139568826908,-2.065792998265179,initial,0.07761255797329389,0.39064228988100574,96.0,H,0.9847636384504928
SHTVGF,2.636346570561729,4.702139568826908,2.636346570561729,4.702139568826908,-2.065792998265179,initial,0.07761255797329389,0.39064228988100574,96.0,H,0.9847636384504928
SITVGF,5.7819302273673205,1.9480618501744633,5.7819302273673205,1.9480618501744633,3.8338683771928572,initial,0.1702167689104209,0.1618402284413337,96.0,I,2.0816217973099667
SITVGF,5.7819302273673205,1.9480618501744633,5.7819302273673205,1.9480618501744633,3.8338683771928572,initial,0.1702167689104209,0.1618402284413337,96.0,I,2.0816217973099667
SITVGF,5.7819302273673205,1.9480618501744633,5.7819302273673205,1.9480618501744633,3.8338683771928572,initial,0.1702167689104209,0.1618402284413337,96.0,I,2.0816217973099667
SITVGF,5.7819302273673205,1.9480618501744633,5.7819302273673205,1.9480618501744633,3.8338683771928572,initial,0.1702167689104209,0.1618402284413337,96.0,I,2.0816217973099667
SKTVGF,8.183044726113952,3.0179082361833727,8.183044726113952,3.0179082361833727,5.165136489930579,initial,0.24090422719659849,0.2507204575230288,96.0,K,1.9427980859103111
SKTVGF,8.183044726113952,3.0179082361833727,8.183044726113952,3.0179082361833727,5.165136489930579,initial,0.24090422719659849,0.2507204575230288,96.0,K,1.9427980859103111
SKTVGF,8.183044726113952,3.0179082361833727,8.183044726113952,3.0179082361833727,5.165136489930579,initial,0.24090422719659849,0.2507204575230288,96.0,K,1.9427980859103111
SLTVGF,3.1188369234070157,4.2764025869035525,3.1188369234070157,4.2764025869035525,-1.1575656634965368,initial,0.09181680217240953,0.35527309952176267,96.0,L,2.1960824414860936
SLTVGF,3.1188369234070157,4.2764025869035525,3.1188369234070157,4.2764025869035525,-1.1575656634965368,initial,0.09181680217240953,0.35527309952176267,96.0,L,2.1960824414860936
SLTVGF,3.1188369234070157,4.2764025869035525,3.1188369234070157,4.2764025869035525,-1.1575656634965368,initial,0.09181680217240953,0.35527309952176267,96.0,L,2.1960824414860936
SLTVGF,3.1188369234070157,4.2764025869035525,3.1188369234070157,4.2764025869035525,-1.1575656634965368,initial,0.09181680217240953,0.35527309952176267,96.0,L,2.1960824414860936
SMTVGF,7.079013143078794,4.7698982706013595,7.079013143078794,4.7698982706013595,2.3091148724774344,initial,0.20840215929723033,0.3962715176044907,96.0,M,1.912287037162826
SMTVGF,7.079013143078794,4.7698982706013595,7.079013143078794,4.7698982706013595,2.3091148724774344,initial,0.20840215929723033,0.3962715176044907,96.0,M,1.912287037162826
SMTVGF,7.079013143078794,4.7698982706013595,7.079013143078794,4.7698982706013595,2.3091148724774344,initial,0.20840215929723033,0.3962715176044907,96.0,M,1.912287037162826
SNTVGF,6.157336124276682,2.979896324360057,6.157336124276682,2.979896324360057,3.177439799916625,initial,0.18126850704786396,0.24756252057537687,96.0,N,0.7155631885741132
SNTVGF,6.157336124276682,2.979896324360057,6.157336124276682,2.979896324360057,3.177439799916625,initial,0.18126850704786396,0.24756252057537687,96.0,N,0.7155631885741132
SPTVGF,0.9888490291929669,1.0700108433313336,0.9888490291929669,1.0700108433313336,-0.08116181413836665,initial,0.02911115839702439,0.0888938917950364,96.0,P,0.2
SQAVGF,5.494506303296452,4.277357599307389,5.494506303296452,4.277357599307389,1.2171487039890634,initial,0.16175517049276342,0.3553524396236118,173.0,A,1.821908587957865
SQAVGF,5.494506303296452,4.277357599307389,5.494506303296452,4.277357599307389,1.2171487039890634,initial,0.16175517049276342,0.3553524396236118,173.0,A,1.821908587957865
SQAVGF,5.494506303296452,4.277357599307389,5.494506303296452,4.277357599307389,1.2171487039890634,initial,0.16175517049276342,0.3553524396236118,173.0,A,1.821908587957865
SQCVGF,6.156343914810025,4.031772586818534,6.156343914810025,4.031772586818534,2.1245713279914904,initial,0.18123929696008093,0.334949835610087,173.0,C,1.0433827177863533
SQCVGF,6.156343914810025,4.031772586818534,6.156343914810025,4.031772586818534,2.1245713279914904,initial,0.18123929696008093,0.334949835610087,173.0,C,1.0433827177863533
SQDVGF,6.095805449038204,3.5756183860633466,6.095805449038204,3.5756183860633466,2.5201870629748577,initial,0.17945707862930638,0.29705365687834806,173.0,D,1.4834575238598662
SQDVGF,6.095805449038204,3.5756183860633466,6.095805449038204,3.5756183860633466,2.5201870629748577,initial,0.17945707862930638,0.29705365687834806,173.0,D,1.4834575238598662
SQDVGF,6.095805449038204,3.5756183860633466,6.095805449038204,3.5756183860633466,2.5201870629748577,initial,0.17945707862930638,0.29705365687834806,173.0,D,1.4834575238598662
SQEVGF,4.609979821811379,6.223366422400282,4.609979821811379,6.223366422400282,-1.6133866005889033,initial,0.1357152091349718,0.5170221075810226,173.0,E,1.883461221929522
SQEVGF,4.609979821811379,6.223366422400282,4.609979821811379,6.223366422400282,-1.6133866005889033,initial,0.1357152091349718,0.5170221075810226,173.0,E,1.883461221929522
SQEVGF,4.609979821811379,6.223366422400282,4.609979821811379,6.223366422400282,-1.6133866005889033,initial,0.1357152091349718,0.5170221075810226,173.0,E,1.883461221929522
SQFVGF,1.858066965726095,3.6619815521160026,1.858066965726095,3.6619815521160026,-1.8039145863899075,initial,0.05470044481479232,0.3042284981297318,173.0,F,1.1903517245045498
SQFVGF,1.858066965726095,3.6619815521160026,1.858066965726095,3.6619815521160026,-1.8039145863899075,initial,0.05470044481479232,0.3042284981297318,173.0,F,1.1903517245045498
SQGVGF,4.086747812527448,5.122738473264271,4.086747812527448,5.122738473264271,-1.0359906607368234,initial,0.12031155352023239,0.42558462129118213,173.0,G,1.3856515639812927
SQGVGF,4.086747812527448,5.122738473264271,4.086747812527448,5.122738473264271,-1.0359906607368234,initial,0.12031155352023239,0.42558462129118213,173.0,G,1.3856515639812927
SQGVGF,4.086747812527448,5.122738473264271,4.086747812527448,5.122738473264271,-1.0359906607368234,initial,0.12031155352023239,0.42558462129118213,173.0,G,1.3856515639812927
SQHVGF,2.884958863511235,4.4960398979809835,2.884958863511235,4.4960398979809835,-1.6110810344697484,initial,0.0849315638334778,0.37352003177179793,173.0,H,1.5560682024338335
SQHVGF,2.884958863511235,4.4960398979809835,2.884958863511235,4.4960398979809835,-1.6110810344697484,initial,0.0849315638334778,0.37352003177179793,173.0,H,1.5560682024338335
SQHVGF,2.884958863511235,4.4960398979809835,2.884958863511235,4.4960398979809835,-1.6110810344697484,initial,0.0849315638334778,0.37352003177179793,173.0,H,1.5560682024338335
SQIVGF,5.625509397553862,3.245189422127786,5.625509397553862,3.245189422127786,2.380319975426076,initial,0.16561182779316064,0.26960242425851355,173.0,I,1.4271478385989942
SQIVGF,5.625509397553862,3.245189422127786,5.625509397553862,3.245189422127786,2.380319975426076,initial,0.16561182779316064,0.26960242425851355,173.0,I,1.4271478385989942
SQIVGF,5.625509397553862,3.245189422127786,5.625509397553862,3.245189422127786,2.380319975426076,initial,0.16561182779316064,0.26960242425851355,173.0,I,1.4271478385989942
SQKVGF,7.25529933223309,4.614592567241181,7.25529933223309,4.614592567241181,2.6407067649919087,initial,0.2135919254032524,0.38336909846014866,173.0,K,1.9802477195587758
SQKVGF,7.25529933223309,4.614592567241181,7.25529933223309,4.614592567241181,2.6407067649919087,initial,0.2135919254032524,0.38336909846014866,173.0,K,1.9802477195587758
SQKVGF,7.25529933223309,4.614592567241181,7.25529933223309,4.614592567241181,2.6407067649919087,initial,0.2135919254032524,0.38336909846014866,173.0,K,1.9802477195587758
SQLVGF,6.914359312020032,4.086848277800279,6.914359312020032,4.086848277800279,2.8275110342197536,initial,0.20355484326098922,0.3395253897226279,173.0,L,1.6988345280425914
SQLVGF,6.914359312020032,4.086848277800279,6.914359312020032,4.086848277800279,2.8275110342197536,initial,0.20355484326098922,0.3395253897226279,173.0,L,1.6988345280425914
SQLVGF,6.914359312020032,4.086848277800279,6.914359312020032,4.086848277800279,2.8275110342197536,initial,0.20355484326098922,0.3395253897226279,173.0,L,1.6988345280425914
SQMVGF,4.236937310560382,3.1064946781395113,4.236937310560382,3.1064946781395113,1.1304426324208707,initial,0.12473304774000687,0.2580800031153325,173.0,M,1.3359267726369426
SQMVGF,4.236937310560382,3.1064946781395113,4.236937310560382,3.1064946781395113,1.1304426324208707,initial,0.12473304774000687,0.2580800031153325,173.0,M,1.3359267726369426
SQMVGF,4.236937310560382,3.1064946781395113,4.236937310560382,3.1064946781395113,1.1304426324208707,initial,0.12473304774000687,0.2580800031153325,173.0,M,1.3359267726369426
SQNVGF,2.232912808272767,4.315322609484995,2.232912808272767,4.315322609484995,-2.082409801212228,initial,0.06573569526727852,0.3585064800969012,173.0,N,1.3954820928140148
SQNVGF,2.232912808272767,4.315322609484995,2.232912808272767,4.315322609484995,-2.082409801212228,initial,0.06573569526727852,0.3585064800969012,173.0,N,1.3954820928140148
SQNVGF,2.232912808272767,4.315322609484995,2.232912808272767,4.315322609484995,-2.082409801212228,initial,0.06573569526727852,0.3585064800969012,173.0,N,1.3954820928140148
SQPVGF,5.341972777319973,3.718664215807484,5.341972777319973,3.718664215807484,1.6233085615124891,initial,0.1572646694107308,0.3089375556166237,173.0,P,0.2
SQQVGF,7.135935337065011,6.027833802934429,7.135935337065011,6.027833802934429,1.108101534130582,initial,0.21007791662369635,0.5007777343342225,173.0,Q,1.8362642808564429
SQQVGF,7.135935337065011,6.027833802934429,7.135935337065011,6.027833802934429,1.108101534130582,initial,0.21007791662369635,0.5007777343342225,173.0,Q,1.8362642808564429
SQQVGF,7.135935337065011,6.027833802934429,7.135935337065011,6.027833802934429,1.108101534130582,initial,0.21007791662369635,0.5007777343342225,173.0,Q,1.8362642808564429
SQRVGF,6.757557144674817,5.079424775338168,6.757557144674817,5.079424775338168,1.678132369336649,initial,0.19893867578160296,0.4219862248817603,173.0,R,2.2602877578411835
SQRVGF,6.757557144674817,5.079424775338168,6.757557144674817,5.079424775338168,1.678132369336649,initial,0.19893867578160296,0.4219862248817603,173.0,R,2.2602877578411835
SQRVGF,6.757557144674817,5.079424775338168,6.757557144674817,5.079424775338168,1.678132369336649,initial,0.19893867578160296,0.4219862248817603,173.0,R,2.2602877578411835
SQRVGF,6.757557144674817,5.079424775338168,6.757557144674817,5.079424775338168,1.678132369336649,initial,0.19893867578160296,0.4219862248817603,173.0,R,2.2602877578411835
SQSVGF,4.019526058942259,4.937878594235585,4.019526058942259,4.937878594235585,-0.9183525352933257,initial,0.11833258296095371,0.41022691329594546,173.0,S,1.5646608128209536
SQSVGF,4.019526058942259,4.937878594235585,4.019526058942259,4.937878594235585,-0.9183525352933257,initial,0.11833258296095371,0.41022691329594546,173.0,S,1.5646608128209536
SQSVGF,4.019526058942259,4.937878594235585,4.019526058942259,4.937878594235585,-0.9183525352933257,initial,0.11833258296095371,0.41022691329594546,173.0,S,1.5646608128209536
SQTAGF,0.5417902578978093,6.261016689898939,0.5417902578978093,6.261016689898939,-5.719226432001129,initial,0.01595,0.52015,192.0,A,1.2828003062361901
SQTAGF,0.5417902578978093,6.261016689898939,0.5417902578978093,6.261016689898939,-5.719226432001129,initial,0.01595,0.52015,192.0,A,1.2828003062361901
SQTAGF,0.5417902578978093,6.261016689898939,0.5417902578978093,6.261016689898939,-5.719226432001129,initial,0.01595,0.52015,192.0,A,1.2828003062361901
SQTCGF,0.5078222166502978,3.9192291343479657,0.5078222166502978,3.9192291343479657,-3.411406917697668,initial,0.014950000000000001,0.3256,192.0,C,1.12398265153866
SQTCGF,0.5078222166502978,3.9192291343479657,0.5078222166502978,3.9192291343479657,-3.411406917697668,initial,0.014950000000000001,0.3256,192.0,C,1.12398265153866
SQTDGF,4.589082372538812,4.416354942850948,4.589082372538812,4.416354942850948,0.17272742968786403,initial,0.1351,0.3669,192.0,D,0.5889626214902759
SQTDGF,4.589082372538812,4.416354942850948,4.589082372538812,4.416354942850948,0.17272742968786403,initial,0.1351,0.3669,192.0,D,0.5889626214902759
SQTEGF,5.232776754179155,6.050972008098042,5.232776754179155,6.050972008098042,-0.818195253918887,initial,0.15405,0.5027,192.0,E,1.2306204833526628
SQTEGF,5.232776754179155,6.050972008098042,5.232776754179155,6.050972008098042,-0.818195253918887,initial,0.15405,0.5027,192.0,E,1.2306204833526628
SQTFGF,4.339417269369601,4.4362159013020355,4.339417269369601,4.4362159013020355,-0.0967986319324341,initial,0.12775,0.36855,192.0,F,1.2732194416277913
SQTFGF,4.339417269369601,4.4362159013020355,4.339417269369601,4.4362159013020355,-0.0967986319324341,initial,0.12775,0.36855,192.0,F,1.2732194416277913
SQTGGF,3.1488374236443217,2.5000733759338836,3.1488374236443217,2.5000733759338836,0.6487640477104382,initial,0.0927,0.2077,192.0,G,0.28521488457318767
SQTHGF,4.118625001260776,6.503561121892525,4.118625001260776,6.503561121892525,-2.3849361206317488,initial,0.12125,0.5403,192.0,H,1.3992270561788611
SQTHGF,4.118625001260776,6.503561121892525,4.118625001260776,6.503561121892525,-2.3849361206317488,initial,0.12125,0.5403,192.0,H,1.3992270561788611
SQTHGF,4.118625001260776,6.503561121892525,4.118625001260776,6.503561121892525,-2.3849361206317488,initial,0.12125,0.5403,192.0,H,1.3992270561788611
SQTIGF,5.268443197489043,5.52074460217658,5.268443197489043,5.52074460217658,-0.2523014046875369,initial,0.15510000000000002,0.45865,192.0,I,1.8238850964004227
SQTIGF,5.268443197489043,5.52074460217658,5.268443197489043,5.52074460217658,-0.2523014046875369,initial,0.15510000000000002,0.45865,192.0,I,1.8238850964004227
SQTIGF,5.268443197489043,5.52074460217658,5.268443197489043,5.52074460217658,-0.2523014046875369,initial,0.15510000000000002,0.45865,192.0,I,1.8238850964004227
SQTKGF,5.9257247956283905,6.623328719824841,5.9257247956283905,6.623328719824841,-0.6976039241964509,initial,0.17445,0.55025,192.0,K,1.690886883568306
SQTKGF,5.9257247956283905,6.623328719824841,5.9257247956283905,6.623328719824841,-0.6976039241964509,initial,0.17445,0.55025,192.0,K,1.690886883568306
SQTKGF,5.9257247956283905,6.623328719824841,5.9257247956283905,6.623328719824841,-0.6976039241964509,initial,0.17445,0.55025,192.0,K,1.690886883568306
SQTLGF,3.5479619083025815,3.3540945893306535,3.5479619083025815,3.3540945893306535,0.193867318971928,initial,0.10444999999999999,0.27865,192.0,L,1.7776139934925421
SQTLGF,3.5479619083025815,3.3540945893306535,3.5479619083025815,3.3540945893306535,0.193867318971928,initial,0.10444999999999999,0.27865,192.0,L,1.7776139934925421
SQTLGF,3.5479619083025815,3.3540945893306535,3.5479619083025815,3.3540945893306535,0.193867318971928,initial,0.10444999999999999,0.27865,192.0,L,1.7776139934925421
SQTMGF,3.865563093966815,5.004961529674091,3.865563093966815,5.004961529674091,-1.139398435707276,initial,0.1138,0.4158,192.0,M,1.2441751701982042
SQTMGF,3.865563093966815,5.004961529674091,3.865563093966815,5.004961529674091,-1.139398435707276,initial,0.1138,0.4158,192.0,M,1.2441751701982042
SQTNGF,2.926346753473121,6.392821232347066,2.926346753473121,6.392821232347066,-3.4664744788739448,initial,0.08615,0.5311,192.0,N,1.0987769675580406
SQTNGF,2.926346753473121,6.392821232347066,2.926346753473121,6.392821232347066,-3.4664744788739448,initial,0.08615,0.5311,192.0,N,1.0987769675580406
SQTPGF,3.367931289690771,2.7047014327026657,3.367931289690771,2.7047014327026657,0.6632298569881052,initial,0.09915,0.2247,192.0,P,0.2
SQTQGF,6.194072321483733,7.143324722907863,6.194072321483733,7.143324722907863,-0.9492524014241299,initial,0.18235,0.59345,192.0,Q,1.2708684368487488
SQTQGF,6.194072321483733,7.143324722907863,6.194072321483733,7.143324722907863,-0.9492524014241299,initial,0.18235,0.59345,192.0,Q,1.2708684368487488
SQTRGF,2.068653711973454,1.7026258017614242,2.068653711973454,1.7026258017614242,0.36602791021202963,initial,0.0609,0.14145,192.0,R,1.5668245694317537
SQTRGF,2.068653711973454,1.7026258017614242,2.068653711973454,1.7026258017614242,0.36602791021202963,initial,0.0609,0.14145,192.0,R,1.5668245694317537
SQTRGF,2.068653711973454,1.7026258017614242,2.068653711973454,1.7026258017614242,0.36602791021202963,initial,0.0609,0.14145,192.0,R,1.5668245694317537
SQTSGF,5.8289158780729835,5.428661976630629,5.8289158780729835,5.428661976630629,0.40025390144235473,initial,0.1716,0.451,192.0,S,0.8251553803759394
SQTSGF,5.8289158780729835,5.428661976630629,5.8289158780729835,5.428661976630629,0.40025390144235473,initial,0.1716,0.451,192.0,S,0.8251553803759394
SQTTGF,6.853052321685457,6.099721633387075,6.853052321685457,6.099721633387075,0.7533306882983819,initial,0.20174999999999998,0.50675,192.0,T,1.3033872020668322
SQTTGF,6.853052321685457,6.099721633387075,6.853052321685457,6.099721633387075,0.7533306882983819,initial,0.20174999999999998,0.50675,192.0,T,1.3033872020668322
SQTTGF,6.853052321685457,6.099721633387075,6.853052321685457,6.099721633387075,0.7533306882983819,initial,0.20174999999999998,0.50675,192.0,T,1.3033872020668322
SQTVAF,4.386344254792067,8.500334926902104,4.386344254792067,8.500334926902104,-4.113990672110037,initial,0.12913150401668813,0.7061870988718764,294.0,A,0.2
SQTVCF,5.7454122438425355,5.293035518699403,5.7454122438425355,5.293035518699403,0.4523767251431323,initial,0.16914170004617018,0.43973248458086034,294.0,C,0.2
SQTVDF,0.0,0.0,0.0,0.0,0.0,initial,0.0,0.0,294.0,D,0.2
SQTVEF,0.4860912352087897,0.16537006111654082,0.4860912352087897,0.16537006111654082,0.3207211740922489,initial,0.014310252147506444,0.013738541446238685,294.0,E,0.2
SQTVFF,0.0,0.0,0.0,0.0,0.0,initial,0.0,0.0,294.0,F,0.2
SQTVGA,6.423694296693676,4.71125173583658,6.423694296693676,4.71125173583658,1.7124425608570961,initial,0.18910994160324934,0.3913993064974488,296.0,A,2.1680472296298126
SQTVGA,6.423694296693676,4.71125173583658,6.423694296693676,4.71125173583658,1.7124425608570961,initial,0.18910994160324934,0.3913993064974488,296.0,A,2.1680472296298126
SQTVGA,6.423694296693676,4.71125173583658,6.423694296693676,4.71125173583658,1.7124425608570961,initial,0.18910994160324934,0.3913993064974488,296.0,A,2.1680472296298126
SQTVGA,6.423694296693676,4.71125173583658,6.423694296693676,4.71125173583658,1.7124425608570961,initial,0.18910994160324934,0.3913993064974488,296.0,A,2.1680472296298126
SQTVGC,3.5688007335219893,2.3198853268422464,3.5688007335219893,2.3198853268422464,1.248915406679743,initial,0.1050634832758699,0.19273041624434195,296.0,C,1.4637340501383416
SQTVGC,3.5688007335219893,2.3198853268422464,3.5688007335219893,2.3198853268422464,1.248915406679743,initial,0.1050634832758699,0.19273041624434195,296.0,C,1.4637340501383416
SQTVGC,3.5688007335219893,2.3198853268422464,3.5688007335219893,2.3198853268422464,1.248915406679743,initial,0.1050634832758699,0.19273041624434195,296.0,C,1.4637340501383416
SQTVGD,0.4508616470672064,0.3313884608509414,0.4508616470672064,0.3313884608509414,0.11947318621626496,initial,0.01327311291757913,0.02753094528396785,296.0,D,1.8819008205275023
SQTVGD,0.4508616470672064,0.3313884608509414,0.4508616470672064,0.3313884608509414,0.11947318621626496,initial,0.01327311291757913,0.02753094528396785,296.0,D,1.8819008205275023
SQTVGD,0.4508616470672064,0.3313884608509414,0.4508616470672064,0.3313884608509414,0.11947318621626496,initial,0.01327311291757913,0.02753094528396785,296.0,D,1.8819008205275023
SQTVGE,0.4109772696301892,0.350772099995898,0.4109772696301892,0.350772099995898,0.060205169634291233,initial,0.012098939312854749,0.02914129075988957,296.0,E,2.0208909747433736
SQTVGE,0.4109772696301892,0.350772099995898,0.4109772696301892,0.350772099995898,0.060205169634291233,initial,0.012098939312854749,0.02914129075988957,296.0,E,2.0208909747433736
SQTVGE,0.4109772696301892,0.350772099995898,0.4109772696301892,0.350772099995898,0.060205169634291233,initial,0.012098939312854749,0.02914129075988957,296.0,E,2.0208909747433736
SQTVGE,0.4109772696301892,0.350772099995898,0.4109772696301892,0.350772099995898,0.060205169634291233,initial,0.012098939312854749,0.02914129075988957,296.0,E,2.0208909747433736
SQTVGF,6.285786032852013,5.297459281408291,6.285786032852013,5.297459281408291,0.9883267514437222,initial,0.18505,0.4401,,,1.0
SQTVGF,6.285786032852013,5.297459281408291,6.285786032852013,5.297459281408291,0.9883267514437222,initial,0.18505,0.4401,,,1.0
SQTVGG,1.8127659486275085,1.594155526796548,1.8127659486275085,1.594155526796548,0.21861042183096058,initial,0.05336680838964504,0.1324385540452231,296.0,G,1.6390399463172096
SQTVGG,1.8127659486275085,1.594155526796548,1.8127659486275085,1.594155526796548,0.21861042183096058,initial,0.05336680838964504,0.1324385540452231,296.0,G,1.6390399463172096
SQTVGG,1.8127659486275085,1.594155526796548,1.8127659486275085,1.594155526796548,0.21861042183096058,initial,0.05336680838964504,0.1324385540452231,296.0,G,1.6390399463172096
SQTVGH,5.274672275289167,6.21409841531187,5.274672275289167,6.21409841531187,-0.9394261400227029,initial,0.15528338054157248,0.5162521441508316,296.0,H,1.7953089453914415
SQTVGH,5.274672275289167,6.21409841531187,5.274672275289167,6.21409841531187,-0.9394261400227029,initial,0.15528338054157248,0.5162521441508316,296.0,H,1.7953089453914415
SQTVGH,5.274672275289167,6.21409841531187,5.274672275289167,6.21409841531187,-0.9394261400227029,initial,0.15528338054157248,0.5162521441508316,296.0,H,1.7953089453914415
SQTVGI,3.978033455933883,1.798423697674697,3.978033455933883,1.798423697674697,2.1796097582591862,initial,0.1171110641013281,0.14940865560295977,296.0,I,1.9576010938774684
SQTVGI,3.978033455933883,1.798423697674697,3.978033455933883,1.798423697674697,2.1796097582591862,initial,0.1171110641013281,0.14940865560295977,296.0,I,1.9576010938774684
SQTVGI,3.978033455933883,1.798423697674697,3.978033455933883,1.798423697674697,2.1796097582591862,initial,0.1171110641013281,0.14940865560295977,296.0,I,1.9576010938774684
SQTVGK,0.837326837240021,0.849520871481038,0.837326837240021,0.849520871481038,-0.01219403424101706,initial,0.024650430418956294,0.07057612256708334,296.0,K,1.5908027376427845
SQTVGK,0.837326837240021,0.849520871481038,0.837326837240021,0.849520871481038,-0.01219403424101706,initial,0.024650430418956294,0.07057612256708334,296.0,K,1.5908027376427845
SQTVGK,0.837326837240021,0.849520871481038,0.837326837240021,0.849520871481038,-0.01219403424101706,initial,0.024650430418956294,0.07057612256708334,296.0,K,1.5908027376427845
SQTVGL,2.9198560115729744,2.3050532022456167,2.9198560115729744,2.3050532022456167,0.6148028093273576,initial,0.08595891621471928,0.19149819949887573,296.0,L,1.777905268420919
SQTVGL,2.9198560115729744,2.3050532022456167,2.9198560115729744,2.3050532022456167,0.6148028093273576,initial,0.08595891621471928,0.19149819949887573,296.0,L,1.777905268420919
SQTVGL,2.9198560115729744,2.3050532022456167,2.9198560115729744,2.3050532022456167,0.6148028093273576,initial,0.08595891621471928,0.19149819949887573,296.0,L,1.777905268420919
SQTVGM,7.267525947332061,3.2435566293686313,7.267525947332061,3.2435566293686313,4.023969317963429,initial,0.21395187006446736,0.2694667758174154,296.0,M,1.746884488548774
SQTVGM,7.267525947332061,3.2435566293686313,7.267525947332061,3.2435566293686313,4.023969317963429,initial,0.21395187006446736,0.2694667758174154,296.0,M,1.746884488548774
SQTVGM,7.267525947332061,3.2435566293686313,7.267525947332061,3.2435566293686313,4.023969317963429,initial,0.21395187006446736,0.2694667758174154,296.0,M,1.746884488548774
SQTVGN,6.07578809417409,3.550074096356366,6.07578809417409,3.550074096356366,2.525713997817724,initial,0.17886777897795894,0.29493149957560166,296.0,N,1.8030485363454576
SQTVGN,6.07578809417409,3.550074096356366,6.07578809417409,3.550074096356366,2.525713997817724,initial,0.17886777897795894,0.29493149957560166,296.0,N,1.8030485363454576
SQTVGN,6.07578809417409,3.550074096356366,6.07578809417409,3.550074096356366,2.525713997817724,initial,0.17886777897795894,0.29493149957560166,296.0,N,1.8030485363454576
SQTVGP,0.42876098027325166,0.29227944150009405,0.42876098027325166,0.29227944150009405,0.1364815387731576,initial,0.01262248173655471,0.024281863318068853,296.0,P,2.3625044523494645
SQTVGP,0.42876098027325166,0.29227944150009405,0.42876098027325166,0.29227944150009405,0.1364815387731576,initial,0.01262248173655471,0.024281863318068853,296.0,P,2.3625044523494645
SQTVGP,0.42876098027325166,0.29227944150009405,0.42876098027325166,0.29227944150009405,0.1364815387731576,initial,0.01262248173655471,0.024281863318068853,296.0,P,2.3625044523494645
SQTVGP,0.42876098027325166,0.29227944150009405,0.42876098027325166,0.29227944150009405,0.1364815387731576,initial,0.01262248173655471,0.024281863318068853,296.0,P,2.3625044523494645
SQTVGQ,5.320042767263267,1.9264239403400543,5.320042767263267,1.9264239403400543,3.3936188269232126,initial,0.15661906226791938,0.16004260365325002,296.0,Q,1.8585364102012658
SQTVGQ,5.320042767263267,1.9264239403400543,5.320042767263267,1.9264239403400543,3.3936188269232126,initial,0.15661906226791938,0.16004260365325002,296.0,Q,1.8585364102012658
SQTVGQ,5.320042767263267,1.9264239403400543,5.320042767263267,1.9264239403400543,3.3936188269232126,initial,0.15661906226791938,0.16004260365325002,296.0,Q,1.8585364102012658
SQTVGR,1.5843533988489609,2.9960039214628504,1.5843533988489609,2.9960039214628504,-1.4116505226138896,initial,0.046642471589822036,0.24890070046659718,296.0,R,1.8966830231426326
SQTVGR,1.5843533988489609,2.9960039214628504,1.5843533988489609,2.9960039214628504,-1.4116505226138896,initial,0.046642471589822036,0.24890070046659718,296.0,R,1.8966830231426326
SQTVGR,1.5843533988489609,2.9960039214628504,1.5843533988489609,2.9960039214628504,-1.4116505226138896,initial,0.046642471589822036,0.24890070046659718,296.0,R,1.8966830231426326
SQTVGS,6.585279306447568,4.786511559845311,6.585279306447568,4.786511559845311,1.7987677466022562,initial,0.19386691326895378,0.39765170916574033,296.0,S,1.8611370792046316
SQTVGS,6.585279306447568,4.786511559845311,6.585279306447568,4.786511559845311,1.7987677466022562,initial,0.19386691326895378,0.39765170916574033,296.0,S,1.8611370792046316
SQTVGS,6.585279306447568,4.786511559845311,6.585279306447568,4.786511559845311,1.7987677466022562,initial,0.19386691326895378,0.39765170916574033,296.0,S,1.8611370792046316
SQTVGT,10.0,4.029722726693857,10.0,4.029722726693857,5.970277273306143,initial,0.29439436696199206,0.3347795382292205,296.0,T,2.0244694952920046
SQTVGT,10.0,4.029722726693857,10.0,4.029722726693857,5.970277273306143,initial,0.29439436696199206,0.3347795382292205,296.0,T,2.0244694952920046
SQTVGT,10.0,4.029722726693857,10.0,4.029722726693857,5.970277273306143,initial,0.29439436696199206,0.3347795382292205,296.0,T,2.0244694952920046
SQTVGT,10.0,4.029722726693857,10.0,4.029722726693857,5.970277273306143,initial,0.29439436696199206,0.3347795382292205,296.0,T,2.0244694952920046
SQTVGV,1.6642337182206601,0.6987981963743397,1.6642337182206601,0.6987981963743397,0.9654355218463204,initial,0.04899410319523735,0.05805445023497931,296.0,V,2.2050807562377384
SQTVGV,1.6642337182206601,0.6987981963743397,1.6642337182206601,0.6987981963743397,0.9654355218463204,initial,0.04899410319523735,0.05805445023497931,296.0,V,2.2050807562377384
SQTVGV,1.6642337182206601,0.6987981963743397,1.6642337182206601,0.6987981963743397,0.9654355218463204,initial,0.04899410319523735,0.05805445023497931,296.0,V,2.2050807562377384
SQTVGV,1.6642337182206601,0.6987981963743397,1.6642337182206601,0.6987981963743397,0.9654355218463204,initial,0.04899410319523735,0.05805445023497931,296.0,V,2.2050807562377384
SQTVGW,2.154628453010935,1.1472319477074362,2.154628453010935,1.1472319477074362,1.007396505303499,initial,0.06343104794624504,0.09530923285394644,296.0,W,1.6884838654091963
SQTVGW,2.154628453010935,1.1472319477074362,2.154628453010935,1.1472319477074362,1.007396505303499,initial,0.06343104794624504,0.09530923285394644,296.0,W,1.6884838654091963
SQTVGW,2.154628453010935,1.1472319477074362,2.154628453010935,1.1472319477074362,1.007396505303499,initial,0.06343104794624504,0.09530923285394644,296.0,W,1.6884838654091963
SQTVGY,7.3919537680075385,4.28348838842854,7.3919537680075385,4.28348838842854,3.1084653795789983,initial,0.21761495501448913,0.3558617706347416,296.0,Y,1.703619759008784
SQTVGY,7.3919537680075385,4.28348838842854,7.3919537680075385,4.28348838842854,3.1084653795789983,initial,0.21761495501448913,0.3558617706347416,296.0,Y,1.703619759008784
SQTVGY,7.3919537680075385,4.28348838842854,7.3919537680075385,4.28348838842854,3.1084653795789983,initial,0.21761495501448913,0.3558617706347416,296.0,Y,1.703619759008784
SQTVHF,0.0,0.0,0.0,0.0,0.0,initial,0.0,0.0,294.0,H,0.2
SQTVIF,0.37879056509964987,0.32151578153655935,0.37879056509964987,0.32151578153655935,0.057274783563090514,initial,0.011151380862368667,0.026710747159650324,294.0,I,0.2
SQTVKF,0.8291385809295333,0.19324948307746073,0.8291385809295333,0.19324948307746073,0.6358890978520726,initial,0.024409372765651437,0.016054695842755165,294.0,K,0.2
SQTVLF,0.0,0.0,0.0,0.0,0.0,initial,0.0,0.0,294.0,L,0.2
SQTVMF,0.0,0.0,0.0,0.0,0.0,initial,0.0,0.0,294.0,M,0.2
SQTVNF,6.390845600899705,3.6553137768317363,6.390845600899705,3.6553137768317363,2.7355318240679685,initial,0.18814289450287003,0.3036745556175346,294.0,N,0.2
SQTVPF,5.4142913975822315,2.8671533363308876,5.4142913975822315,2.8671533363308876,2.547138061251344,initial,0.15939368885389804,0.23819610803762029,294.0,P,0.2
SQTVQF,0.0,0.0,0.0,0.0,0.0,initial,0.0,0.0,294.0,Q,0.2
SQTVRF,0.6981596566199217,0.5075456545443054,0.6981596566199217,0.5075456545443054,0.1906140020756163,initial,0.020553427014902363,0.042165655401803726,294.0,R,0.2
SQTVSF,5.332115687263067,4.594959472192345,5.332115687263067,4.594959472192345,0.7371562150707218,initial,0.15697448223199179,0.3817380287959953,294.0,S,0.2
SQTVTF,1.2554181424971018,0.8918829434884391,1.2554181424971018,0.8918829434884391,0.3635351990086627,initial,0.03695880293330342,0.07409546021558358,294.0,T,0.2
SQTVVF,3.4002166386182138,2.622099338909484,3.4002166386182138,2.622099338909484,0.7781172997087298,initial,0.10010046248596416,0.21783761946109473,294.0,V,0.2
SQTVWF,0.0,0.0,0.0,0.0,0.0,initial,0.0,0.0,294.0,W,0.2
SQTVYF,1.5027578275559819,1.0012573855986229,1.5027578275559819,1.0012573855986229,0.501500441957359,initial,0.04424034393405217,0.0831820221721099,294.0,Y,0.2
SQTWGF,3.446057784560048,2.9815511565663115,3.446057784560048,2.9815511565663115,0.46450662799373665,initial,0.10145000000000001,0.2477,192.0,W,1.0283404482708869
SQTWGF,3.446057784560048,2.9815511565663115,3.446057784560048,2.9815511565663115,0.46450662799373665,initial,0.10145000000000001,0.2477,192.0,W,1.0283404482708869
SQTYGF,2.4066357223861936,4.471724887623678,2.4066357223861936,4.471724887623678,-2.065089165237484,initial,0.07085,0.37150000000000005,192.0,Y,1.4491599010434806
SQTYGF,2.4066357223861936,4.471724887623678,2.4066357223861936,4.471724887623678,-2.065089165237484,initial,0.07085,0.37150000000000005,192.0,Y,1.4491599010434806
SQTYGF,2.4066357223861936,4.471724887623678,2.4066357223861936,4.471724887623678,-2.065089165237484,initial,0.07085,0.37150000000000005,192.0,Y,1.4491599010434806
SQVVGF,3.2935358443447553,2.652129244011486,3.2935358443447553,2.652129244011486,0.6414066003332692,initial,0.09695983999625044,0.22033243075332576,173.0,V,1.4669692823785283
SQVVGF,3.2935358443447553,2.652129244011486,3.2935358443447553,2.652129244011486,0.6414066003332692,initial,0.09695983999625044,0.22033243075332576,173.0,V,1.4669692823785283
SQVVGF,3.2935358443447553,2.652129244011486,3.2935358443447553,2.652129244011486,0.6414066003332692,initial,0.09695983999625044,0.22033243075332576,173.0,V,1.4669692823785283
SQWVGF,3.309384545970442,4.9981968875653235,3.309384545970442,4.9981968875653235,-1.6888123415948817,initial,0.09742641684447678,0.41523801002821914,173.0,W,1.1110521252539263
SQWVGF,3.309384545970442,4.9981968875653235,3.309384545970442,4.9981968875653235,-1.6888123415948817,initial,0.09742641684447678,0.41523801002821914,173.0,W,1.1110521252539263
SQYVGF,1.308993852161384,4.016750782376054,1.308993852161384,4.016750782376054,-2.7077569302146696,initial,0.038536041646419,0.3337018607255348,173.0,Y,1.362370375063164
SQYVGF,1.308993852161384,4.016750782376054,1.308993852161384,4.016750782376054,-2.7077569302146696,initial,0.038536041646419,0.3337018607255348,173.0,Y,1.362370375063164
SQYVGF,1.308993852161384,4.016750782376054,1.308993852161384,4.016750782376054,-2.7077569302146696,initial,0.038536041646419,0.3337018607255348,173.0,Y,1.362370375063164
SRTVGF,5.132712157519981,4.206774000591642,5.132712157519981,4.206774000591642,0.9259381569283391,initial,0.15110415464112154,0.3494885263503526,96.0,R,1.8551971512009444
SRTVGF,5.132712157519981,4.206774000591642,5.132712157519981,4.206774000591642,0.9259381569283391,initial,0.15110415464112154,0.3494885263503526,96.0,R,1.8551971512009444
SRTVGF,5.132712157519981,4.206774000591642,5.132712157519981,4.206774000591642,0.9259381569283391,initial,0.15110415464112154,0.3494885263503526,96.0,R,1.8551971512009444
SSTVGF,6.220178164566605,5.214747834644392,6.220178164566605,5.214747834644392,1.0054303299222136,initial,0.18311854131483915,0.43322853468292916,96.0,S,0.9465962201570993
SSTVGF,6.220178164566605,5.214747834644392,6.220178164566605,5.214747834644392,1.0054303299222136,initial,0.18311854131483915,0.43322853468292916,96.0,S,0.9465962201570993
STTVGF,5.092085897969325,4.063554848942429,5.092085897969325,4.063554848942429,1.0285310490268955,initial,0.14990814044487663,0.33759022845082404,96.0,T,1.4018277251822266
STTVGF,5.092085897969325,4.063554848942429,5.092085897969325,4.063554848942429,1.0285310490268955,initial,0.14990814044487663,0.33759022845082404,96.0,T,1.4018277251822266
STTVGF,5.092085897969325,4.063554848942429,5.092085897969325,4.063554848942429,1.0285310490268955,initial,0.14990814044487663,0.33759022845082404,96.0,T,1.4018277251822266
SVTVGF,6.883146625123393,3.702677209438367,6.883146625123393,3.702677209438367,3.180469415685026,initial,0.20263595934097733,0.3076093941095139,96.0,V,1.7538854895058344
SVTVGF,6.883146625123393,3.702677209438367,6.883146625123393,3.702677209438367,3.180469415685026,initial,0.20263595934097733,0.3076093941095139,96.0,V,1.7538854895058344
SVTVGF,6.883146625123393,3.702677209438367,6.883146625123393,3.702677209438367,3.180469415685026,initial,0.20263595934097733,0.3076093941095139,96.0,V,1.7538854895058344
SWTVGF,5.858590517624934,3.716103135116729,5.858590517624934,3.716103135116729,2.1424873825082056,initial,0.1724736046725722,0.30872478727766606,96.0,W,0.8414771790410619
SWTVGF,5.858590517624934,3.716103135116729,5.858590517624934,3.716103135116729,2.1424873825082056,initial,0.1724736046725722,0.30872478727766606,96.0,W,0.8414771790410619
SYTVGF,8.812941651630526,1.6904495775799202,8.812941651630526,1.6904495775799202,7.122492074050606,initial,0.25944803786047416,0.14043842898498782,96.0,Y,0.40128794353140096
TQTVGF,5.259153405021804,4.021327474478366,5.259153405021804,4.021327474478366,1.2378259305434378,initial,0.1548265137427399,0.3340820811457835,68.0,T,1.4398911167154855
TQTVGF,5.259153405021804,4.021327474478366,5.259153405021804,4.021327474478366,1.2378259305434378,initial,0.1548265137427399,0.3340820811457835,68.0,T,1.4398911167154855
TQTVGF,5.259153405021804,4.021327474478366,5.259153405021804,4.021327474478366,1.2378259305434378,initial,0.1548265137427399,0.3340820811457835,68.0,T,1.4398911167154855
VQTVGF,6.145862655130639,4.523862355002757,6.145862655130639,4.523862355002757,1.6220003001278815,initial,0.1809307345792532,0.375831453660071,68.0,V,1.2575842195795572
VQTVGF,6.145862655130639,4.523862355002757,6.145862655130639,4.523862355002757,1.6220003001278815,initial,0.1809307345792532,0.375831453660071,68.0,V,1.2575842195795572
WQTVGF,7.281267007492843,5.427072928953072,7.281267007492843,5.427072928953072,1.8541940785397717,initial,0.21435639913520937,0.45086798579361487,68.0,W,0.9398448834243622
WQTVGF,7.281267007492843,5.427072928953072,7.281267007492843,5.427072928953072,1.8541940785397717,initial,0.21435639913520937,0.45086798579361487,68.0,W,0.9398448834243622
YQTVGF,7.823783554514786,4.616974453716328,7.823783554514786,4.616974453716328,3.2068091007984574,initial,0.23032778067790244,0.38356697978061327,68.0,Y,0.8518694523785109
YQTVGF,7.823783554514786,4.616974453716328,7.823783554514786,4.616974453716328,3.2068091007984574,initial,0.23032778067790244,0.38356697978061327,68.0,Y,0.8518694523785109
