Variant,YUDCA,SUDCA,YMDCA,SMDCA,Conversion
S68A,0.37270000000000003,0.4725,0.1616,0.2048,0.7887000000000001
R69A,0.308,0.5071,0.1841,0.3032,0.6074
F70A,0,0,0,0,0.36810000000000004
S71A,0.021099999999999997,0.0862,0.0159,0.0647,0.24489999999999998
T72A,0.0645,0.13970000000000002,0.149,0.32289999999999996,0.46130000000000004
T76A,0.08990000000000001,0.18100000000000002,0.0576,0.11599999999999999,0.4964
D77A,0.10099999999999999,0.1961,0.0733,0.1423,0.515
P78A,0.1017,0.2207,0.0767,0.1664,0.461
T80A,0.0542,0.1607,0.0388,0.1153,0.3369
P81A,0.0819,0.2962,0.0729,0.2637,0.2766
R82A,0.0218,0.1023,0.0166,0.0782,0.21280000000000002
M83A,0.0418,0.1514,0.0275,0.0998,0.2759
Q84A,0.0507,0.11599999999999999,0.0436,0.0998,0.4368
P85A,0.1039,0.3763,0.07629999999999999,0.2766,0.276
T86A,0.1391,0.25730000000000003,0.065,0.1201,0.5408
P87A,0.11900000000000001,0.2397,0.0721,0.14529999999999998,0.4963
P88A,0.0793,0.1578,0.0441,0.08779999999999999,0.5025999999999999
E89A,0.1618,0.2802,0.0554,0.096,0.5775
P90A,0.09050000000000001,0.1779,0.0729,0.1433,0.5088
D91A,0.1383,0.292,0.0706,0.1491,0.47350000000000003
G92A,0.2755,0.3918,0.1535,0.2182,0.7031999999999999
V93A,0.0308,0.1736,0.0159,0.0892,0.1777
L94A,0.09539999999999998,0.22719999999999999,0.0436,0.1039,0.4199
Q96A,0.2927,0.4218,0.1543,0.2223,0.6940000000000001
T173A,0.3097,0.41700000000000004,0.141,0.1898,0.7428
F174A,0,0,0,0,0.2663
S175A,0,0,0,0,0.1684
D176A,0.147,0.21059999999999998,0.1338,0.1917,0.6981
M178A,0.1628,0.39149999999999996,0.0499,0.1201,0.4158
L179A,0.0051,0.0742,0.0023,0.032799999999999996,0.0691
S180A,0.2443,0.37689999999999996,0.1643,0.2534,0.6484000000000001
S181A,0.1535,0.2602,0.08289999999999999,0.1404,0.5902000000000001
E188A,0.2306,0.3718,0.1404,0.2263,0.6201
I189A,0.0513,0.1188,0.026699999999999998,0.061799999999999994,0.43170000000000003
Q190A,0.18309999999999998,0.2937,0.10710000000000001,0.17190000000000003,0.6234000000000001
R191A,0.18460000000000001,0.31420000000000003,0.099,0.1685,0.5876
V192A,0.5189,0.5422,0.0159,0.0166,0.9569
Q193A,0.1108,0.2605,0.11019999999999999,0.25920000000000004,0.4251
Q194A,0.21899999999999997,0.316,0.12560000000000002,0.1812,0.6929000000000001
D195A,0.2645,0.3653,0.1377,0.1902,0.7241
E233A,0.2345,0.375,0.0675,0.1079,0.6255
I234A,0.27690000000000003,0.331,0.2493,0.298,0.8364
V235A,0.0177,0.0613,0.013300000000000001,0.0461,0.28859999999999997
N236A,0.0943,0.1865,0.0315,0.0622,0.5056
M237A,0.1097,0.23440000000000003,0.10439999999999999,0.223,0.4681
G238A,0.1973,0.3417,0.109,0.1887,0.5774
V239A,0.1032,0.16390000000000002,0.0318,0.050499999999999996,0.6297
L241A,0.0076,0.030299999999999997,0.0046,0.018500000000000003,0.24960000000000002
L242A,0.0922,0.18760000000000002,0.0728,0.1482,0.4914
I243A,0.0342,0.1424,0.02,0.08310000000000001,0.24050000000000002
G245A,0,0,0,0,0.2552
H246A,0.015700000000000002,0.042699999999999995,0.0194,0.0528,0.3678
E247A,0.0311,0.1161,0.0226,0.08439999999999999,0.2676
T248A,0.0741,0.1241,0.3393,0.5681,0.5972
S249A,0.1496,0.188,0.08990000000000001,0.113,0.7958
V250A,0.0755,0.1833,0.0662,0.1606,0.4119
N251A,0.06559999999999999,0.136,0.029500000000000002,0.0611,0.4825
Q252A,0.040999999999999995,0.22010000000000002,0.043899999999999995,0.2357,0.1863
I253A,0.0325,0.43939999999999996,0.0223,0.3014,0.0739
T254A,0.25730000000000003,0.46380000000000005,0.1451,0.2615,0.5547
N255A,0.08349999999999999,0.17920000000000003,0.0969,0.2078,0.4661
L256A,0.19870000000000002,0.2632,0.1381,0.18289999999999998,0.755
Y287A,0.0233,0.07519999999999999,0.018799999999999997,0.0608,0.3091
T288A,0.1274,0.2516,0.1039,0.2052,0.5062
P289A,0.0989,0.2054,0.1454,0.302,0.48119999999999996
L290A,0.009399999999999999,0.0335,0.011200000000000002,0.0398,0.2807
S292A,0.2243,0.3404,0.0701,0.10640000000000001,0.659
G294A,0.6742,0.7676999999999999,0.1233,0.1404,0.8783
S295A,0.08199999999999999,0.1634,0.027999999999999997,0.0557,0.502
F296A,0.3615,0.43810000000000004,0.1747,0.21170000000000003,0.8251999999999999
V297A,0.0915,0.1822,0.0875,0.1743,0.5022
R298A,0,0,0,0,0.1531
V299A,0.008199999999999999,0.035,0,0,0.23440000000000003
K390A,0.12560000000000002,0.3104,0.0953,0.2353,0.4048
W391A,0,0,0,0,0.1648
K392A,0.0084,0.0308,0.0046,0.0168,0.2729
Q393A,0.20440000000000003,0.4266,0.1245,0.25989999999999996,0.4792
G394A,0,0,0,0,0.09939999999999999
M395A,0.0097,0.0638,0.0055000000000000005,0.0361,0.1523
L396A,0.0138,0.053399999999999996,0.0079,0.030699999999999998,0.2582
I397A,0,0,0,0,0.1114
R398A,0.2187,0.368,0.1282,0.2157,0.5942000000000001
G399A,0,0,0,0,0.1261
L400A,0.013500000000000002,0.0672,0.0113,0.056100000000000004,0.2006
E401A,0.2248,0.36719999999999997,0.1324,0.2162,0.6123
