ref_pos,entropy,wt_udca,ala_udca,y,risk,ddg_min,plm_mean,srs_region,y_udca_selectivity,y_mdca_yield,y_mdca_selectivity,risk_udca_yield,risk_udca_selectivity,risk_mdca_yield,risk_mdca_selectivity,y_z,y_udca_sel_z,y_mdca_yield_z,y_mdca_sel_z,entropy_z,ddg_inv_z,plm_pos_z,model_pred,model_pred_z,risk_combo,Score_manual,Score
294,1.499999999995672,,0.6742375135624166,4.351391294176993,0.0,17.0094,-4.409624946117401,5,0.0,0.0,0.0,0.0,0.0,0.0,0.0,4.884827419519735,0.0,0.0,0.0,-1.8821987277732064,-3.3553292731156947,0.26583238819185917,3.950351115879794,5.791364924062491,0.0,5.463863211366113,5.463863211366113
68,3.668023701200521,,0.3727,1.960097741521792,0.0,-4.0029,-10.240015175670852,1,0.0,0.0,0.0,0.0,0.0,0.0,0.0,2.2171498441333406,0.0,0.0,0.0,0.9992695466356987,0.9591512076476518,-0.6721901874055884,1.7685959700999803,2.615322671735782,0.0,4.876093178865448,4.876093178865448
192,3.2236030750213613,,0.5188839852034444,3.1193857425024096,0.0,-0.3158,-1.5267693281173706,3,0.0,0.0,0.0,0.0,0.0,0.0,0.0,3.5104275348612735,0.0,0.0,0.0,0.408600757306264,0.20207459154077465,0.7296407347009526,0.3886605048552383,0.6065118518878397,0.0,4.01332570489507,4.01332570489507
173,3.326516805542399,,0.3097414208495728,1.460815106243362,0.0,-4.5109,0.1287047252058983,2,0.0,0.0,0.0,0.0,0.0,0.0,0.0,1.660160473910194,0.0,0.0,0.0,0.5453809268831176,1.0634594501640722,0.995981746913436,0.33517234176924404,0.5286476303737707,0.0,3.1174736487810764,3.1174736487810764
96,3.3338820796067434,,0.292742304250486,1.326006413805776,0.0,-3.8937,-9.574209239683114,1,0.0,0.0,0.0,0.0,0.0,0.0,0.0,1.5097706878533572,0.0,0.0,0.0,0.5551699358948462,0.9367290421303426,-0.5650719715857324,0.8280764243925276,1.2461819493756128,0.0,2.8912337909299315,2.8912337909299315
296,2.3749762051373597,,0.3615428867378413,1.8716180936834768,0.0,-5.4935,-3.4610529363155367,5,0.0,0.0,0.0,0.0,0.0,0.0,0.0,2.1184437809842662,0.0,0.0,0.0,-0.7192888506453224,1.2652178735826445,0.4184434356074864,0.7011639519529425,1.0614318982092155,0.0,2.768455773872844,2.768455773872844
92,2.6882532915017285,,0.2755465121234073,1.1896380185090143,0.0,-5.3097,-2.2806067734956743,1,0.0,0.0,0.0,0.0,0.0,0.0,0.0,1.3576409295806167,0.0,0.0,0.0,-0.3029197929839484,1.2274780015855615,0.6083595658160159,0.7432100028604935,1.1226395156103568,0.0,2.5989713488848074,2.5989713488848074
398,3.770709743070461,,0.2186724565756824,0.738607694825999,0.0,-0.8231,-7.281553051620722,6,0.0,0.0,0.0,0.0,0.0,0.0,0.0,0.8544808391047085,0.0,0.0,0.0,1.1357471006903066,0.3062391022269559,-0.1962178850127959,0.46856606115781574,0.7228326147853409,0.0,2.2450808407726446,2.2450808407726446
69,3.3606558888349207,,0.3080041203523114,1.447037730987312,0.0,4.1775,-10.524892546329648,1,0.0,0.0,0.0,0.0,0.0,0.0,0.0,1.6447907193363827,0.0,0.0,0.0,0.5907543632390655,-0.720540026764406,-0.7180226950823961,0.853433169875295,1.2830944760587935,0.0,2.1674325554922316,2.1674325554922316
195,3.493233722114198,,0.2645060494114485,1.1020834486330096,0.0,-1.5199,-4.425536212325096,3,0.0,0.0,0.0,0.0,0.0,0.0,0.0,1.2599668642524704,0.0,0.0,0.0,0.7669603799315068,0.44931387267073886,0.2632725034634742,0.1545633971305449,0.2657301162658266,0.0,2.164091826080602,2.164091826080602
180,3.192213959590272,,0.2443406616820347,0.9421651648531774,0.0,-0.0494,-1.4276949524879456,2,0.0,0.0,0.0,0.0,0.0,0.0,0.0,1.0815653379906514,0.0,0.0,0.0,0.36688223724295527,0.14737436357547073,0.7455803197620954,0.3883949066016257,0.6061252130492655,0.0,2.0155775403188714,2.0155775403188714
238,3.097619675643452,,0.1972798954997361,0.5689575150811033,0.0,-7.4245,-3.170626986026764,4,0.0,0.0,0.0,0.0,0.0,0.0,0.0,0.6652226112040769,0.0,0.0,0.0,0.2411592444630741,1.6617123938566754,0.4651686267498083,0.20279943662582411,0.33594867393406086,0.0,2.0107880713092303,2.0107880713092303
89,3.798885908170231,,0.1618137663035818,0.2876992229288564,0.0,-4.4948,-2.4368547320365908,1,0.0,0.0,0.0,0.0,0.0,0.0,0.0,0.35145668395816765,0.0,0.0,0.0,1.17319536557061,1.0601536180685713,0.5832216064802103,-0.05808550917292621,-0.043828870056393875,0.0,1.948023995204277,1.948023995204277
292,3.1342486720439906,,0.224316634488365,0.7833679175033775,0.0,-1.0896,-2.476969316601753,5,0.0,0.0,0.0,0.0,0.0,0.0,0.0,0.9044144167590124,0.0,0.0,0.0,0.2898419645795258,0.3609598633108653,0.5767677698669933,0.42079481675909847,0.6532906723955032,0.0,1.8892246825894632,1.8892246825894632
288,3.719515322956137,,0.1273555991883856,0.0144344079298835,0.0,-8.5855,-5.419130462408066,5,0.0,0.0,0.0,0.0,0.0,0.0,0.0,0.04660811431876178,0.0,0.0,0.0,1.0677058254476945,1.9001019008676283,0.10341805103979396,-0.02962213693630389,-0.002393939540896485,0.0,1.8809541710301798,1.8809541710301798
91,3.7843406264138064,,0.1382547013646003,0.1008679413758561,0.0,-2.3775,-1.4326010912656784,1,0.0,0.0,0.0,0.0,0.0,0.0,0.0,0.1430315746167278,0.0,0.0,0.0,1.1538635806366244,0.6254058978323177,0.744790995419927,0.0680801794214787,0.13983406688903546,0.0,1.7600027247980399,1.7600027247980399
291,2.818270781499868,,,0.0,0.0,-6.416,-2.042789429426193,5,0.0,0.0,0.0,0.0,0.0,0.0,0.0,0.03050538769794445,0.0,0.0,0.0,-0.13011666710496736,1.4546358927192542,0.6466208191494631,0.6664015337947262,1.0108272696022407,0.0,1.7149390661755868,1.7149390661755868
86,3.8538797433240566,,0.1391335951303139,0.1078378635277965,0.0,-1.2594,-1.0308433055877686,1,0.0,0.0,0.0,0.0,0.0,0.0,0.0,0.15080707545654515,0.0,0.0,0.0,1.246286352166263,0.395825098703165,0.8094278135487853,0.035925723727089576,0.09302592249964964,0.0,1.713779154869063,1.713779154869063
190,3.2034189238214137,,0.1830987704501575,0.4564964401726406,0.0,-1.9283,-2.711645445227623,3,0.0,0.0,0.0,0.0,0.0,0.0,0.0,0.5397633645532274,0.0,0.0,0.0,0.38177448631291644,0.533171129055987,0.5390118911113897,0.3735761620415161,0.5845531503270197,0.0,1.6870631219270802,1.6870631219270802
186,3.728921517685839,,,0.0,0.0,-4.504,-3.5671979174017907,3,0.0,0.0,0.0,0.0,0.0,0.0,0.0,0.03050538769794445,0.0,0.0,0.0,1.0802073731390256,1.062042664980286,0.4013662958921067,-0.014869385936002288,0.019082054502544042,0.0,1.595403703118597,1.595403703118597
176,3.2514278643359886,,0.1470456877251525,0.1705834098000419,0.0,-5.1057,-3.664430806040764,2,0.0,0.0,0.0,0.0,0.0,0.0,0.0,0.220804707725482,0.0,0.0,0.0,0.44558201706262807,1.1855904396301487,0.3857229785423355,0.1452758830005223,0.2522100210557429,0.0,1.4819618079070909,1.4819618079070909
95,3.2429678451731547,,,0.0,0.0,-1.6778,-0.6749622821807861,1,0.0,0.0,0.0,0.0,0.0,0.0,0.0,0.03050538769794445,0.0,0.0,0.0,0.4343380086114982,0.4817356669489726,0.8666837468635682,0.40286185170968736,0.6271851514269391,0.0,1.461164170409019,1.461164170409019
393,3.0773453501533936,,0.2044298704236063,0.6256592127740438,0.0,-2.3036,-4.22655422091484,6,0.0,0.0,0.0,0.0,0.0,0.0,0.0,0.7284778511363892,0.0,0.0,0.0,0.21421312498468575,0.6102319231827833,0.2952857294623201,0.21013138757517424,0.3466220008892723,0.0,1.4546806349845975,1.4546806349845975
187,3.6831750907447063,,,0.0,0.0,-1.1427,-7.193793547153473,3,0.0,0.0,0.0,0.0,0.0,0.0,0.0,0.03050538769794445,0.0,0.0,0.0,1.0194068948854056,0.3718629492904361,-0.18209869347116403,0.38146869940094064,0.5960425386665347,0.0,1.4298558542566604,1.4298558542566604
193,3.4629068644605034,,0.1107559797555323,-0.1172061380750022,0.0,-1.6687,-1.0047905325889588,3,0.0,0.0,0.0,0.0,0.0,0.0,0.0,-0.10024735317452178,0.0,0.0,0.0,0.7266536811887432,0.47986715315586354,0.8136193150208355,0.27506392692473014,0.4411461224085755,0.0,1.4194232629245034,1.4194232629245034
194,2.9246515168123257,,0.218963372460837,0.740914755305196,0.0,-1.1464,-3.889852704107761,3,0.0,0.0,0.0,0.0,0.0,0.0,0.0,0.8570545480073987,0.0,0.0,0.0,0.011271415341173225,0.37262267467884314,0.3494559670567139,0.2954580230558861,0.4708343810272632,0.0,1.3974219996627755,1.3974219996627755
181,3.4801339649763583,,0.1535482723693829,0.2221510855815301,0.0,-1.6021,-4.237204539775848,2,0.0,0.0,0.0,0.0,0.0,0.0,0.0,0.2783325391137798,0.0,0.0,0.0,0.7495498070792963,0.46619209616453755,0.29357225246753904,0.16429790562143864,0.27990091372333004,0.0,1.3967515570024094,1.3967515570024094
401,3.5502503441737407,,0.2248441756181348,0.7875514954850199,0.0,2.9007,-4.672958418726921,6,0.0,0.0,0.0,0.0,0.0,0.0,0.0,0.9090815297339608,0.0,0.0,0.0,0.8427398040619871,-0.45837316840817455,0.22346597145252534,0.08387733947806453,0.1628304365336921,0.0,1.391921220640635,1.391921220640635
237,3.36542492056177,,0.1097428959160326,-0.1252402324902341,0.0,-8.514,-5.566649940609932,4,0.0,0.0,0.0,0.0,0.0,0.0,0.0,-0.10921002255748129,0.0,0.0,0.0,0.5970927688630117,1.885420721064628,0.0796843736278956,-0.03216959529783736,-0.006102346237185682,0.0,1.360008430038148,1.360008430038148
76,3.8042292966490905,,0.089870854464345,-0.2828321819631514,0.0,-1.5476,-2.8321420192718505,1,0.0,0.0,0.0,0.0,0.0,0.0,0.0,-0.2850163384334748,0.0,0.0,0.0,1.1802971349706028,0.4550015465244885,0.5196257947635483,0.11321298629258081,0.20553516165486757,0.0,1.3160038577212603,1.3160038577212603
188,2.852696642227193,,0.2305580094469812,0.8328641129250232,0.0,1.5902,-0.4395559012889862,3,0.0,0.0,0.0,0.0,0.0,0.0,0.0,0.9596313475480636,0.0,0.0,0.0,-0.08436208174232605,-0.18928664908185774,0.9045571122854761,0.2659481896148961,0.42787608754093875,0.0,1.3096958030506027,1.3096958030506027
191,2.7753377504544448,,0.1846117379233031,0.468494779354943,0.0,-0.2116,-2.265015798807144,3,0.0,0.0,0.0,0.0,0.0,0.0,0.0,0.5531484633182735,0.0,0.0,0.0,-0.1871779283876966,0.18067908195374513,0.6108679204299627,0.5204070143502477,0.7982989465863852,0.0,1.2661022943624274,1.2661022943624274
83,3.487300876337092,,0.041777037840419,-0.664232267997787,0.0,-4.5669,-0.0853292763233184,1,0.0,0.0,0.0,0.0,0.0,0.0,0.0,-0.7104983774894068,0.0,0.0,0.0,0.7590751769818386,1.0749579965832052,0.9615468776379297,0.18903251969720003,0.3159077862413433,0.0,1.2136854179337948,1.2136854179337948
79,3.036132985239164,,,0.0,0.0,-0.5048,-1.060556310415268,1,0.0,0.0,0.0,0.0,0.0,0.0,0.0,0.03050538769794445,0.0,0.0,0.0,0.1594387597654675,0.2408821857053484,0.8046474355261011,0.47063347019781787,0.7258422001994466,0.0,1.1749291451934016,1.1749291451934016
293,3.279481892277662,,,0.0,0.0,-1.3067,-3.286964899301529,5,0.0,0.0,0.0,0.0,0.0,0.0,0.0,0.03050538769794445,0.0,0.0,0.0,0.4828679523770755,0.4055372638036112,0.4464515967135556,0.29436096741231665,0.4692373663100666,0.0,1.167437835695297,1.167437835695297
236,3.53211297444537,,0.0943054105526104,-0.247664665797499,0.0,-2.7074,-4.268957126140594,4,0.0,0.0,0.0,0.0,0.0,0.0,0.0,-0.24578418554577092,0.0,0.0,0.0,0.8186338612051441,0.6931446561121742,0.2884637362840483,0.12154635681189063,0.2176662832084559,0.0,1.0943705896639697,1.0943705896639697
256,3.0235352679925227,,0.1986842816918029,0.5800947683099028,0.0,-4.2495,-6.935041674971581,4,0.0,0.0,0.0,0.0,0.0,0.0,0.0,0.6776471003082603,0.0,0.0,0.0,0.1426954360850127,1.009785878129048,-0.140469387707987,-0.10302162336923715,-0.10924363377033494,0.0,1.0175843060796796,1.0175843060796796
239,3.1789880234034187,,0.1031819232244297,-0.1772709450580398,0.0,-1.623,-3.3859915107488634,4,0.0,0.0,0.0,0.0,0.0,0.0,0.0,-0.1672544081973751,0.0,0.0,0.0,0.3493039628446657,0.47048351795310683,0.4305196961948432,0.31340531711997244,0.49696076114499954,0.0,0.9506578900883229,0.9506578900883229
84,3.200505971058742,,0.050668674746287,-0.5937186070129422,0.0,-5.2747,-2.889201140403748,1,0.0,0.0,0.0,0.0,0.0,0.0,0.0,-0.6318347972866326,0.0,0.0,0.0,0.3779029506992488,1.2202914100736035,0.510445835677076,0.25466331565002776,0.4114483795124135,0.0,0.940337265647656,0.940337265647656
73,3.1471128364664382,,,0.0,0.0,-1.2351,-4.057096153497696,1,0.0,0.0,0.0,0.0,0.0,0.0,0.0,0.03050538769794445,0.0,0.0,0.0,0.30693941680731407,0.3908355508820055,0.3225489977164193,0.23434193300433037,0.3818659719570666,0.0,0.8998859956974306,0.8998859956974306
297,3.599378116553583,,0.0914701102472877,-0.2701495475618241,0.0,1.651,-8.544736639363691,5,0.0,0.0,0.0,0.0,0.0,0.0,0.0,-0.27086785409048064,0.0,0.0,0.0,0.9080343473948055,-0.20177078519405922,-0.3994452292857428,0.5295497548947665,0.8116082908212872,0.0,0.8983563429891629,0.8983563429891629
85,3.1292464567694984,,0.1038877015514421,-0.1716738863602696,0.0,0.5641,-0.499915075302124,1,0.0,0.0,0.0,0.0,0.0,0.0,0.0,-0.16101044540176435,0.0,0.0,0.0,0.2831936402981987,0.021403680930148078,0.8948462240533734,0.3052607747077616,0.485104521971193,0.0,0.8544705035805253,0.8544705035805253
94,2.808936506433124,,0.095386597560797,-0.2390904904275875,0.0,-0.1095,-1.2793845593929292,1,0.0,0.0,0.0,0.0,0.0,0.0,0.0,-0.23621901303219736,0.0,0.0,0.0,-0.1425226280981436,0.15971476785743308,0.7694412435496123,0.5275905445099198,0.8087562132288466,0.0,0.7316455390273661,0.7316455390273661
233,2.4042147928651687,,0.2345417132405243,0.8644562192757174,0.0,0.4039,-3.967292721569538,4,0.0,0.0,0.0,0.0,0.0,0.0,0.0,0.9948748472753934,0.0,0.0,0.0,-0.6804285453454393,0.054297736936310584,0.3369970266129678,0.24096574606204513,0.3915084426914698,0.0,0.7267114748104816,0.7267114748104816
390,3.278814543729968,,0.1256326396150404,0.0007707610073154,0.0,-0.9584,-5.640665780752897,6,0.0,0.0,0.0,0.0,0.0,0.0,0.0,0.03136523271902706,0.0,0.0,0.0,0.4819809954369438,0.3340204117003253,0.06777633209510259,0.05694645810612542,0.12362639601836423,0.0,0.7036988380276717,0.7036988380276717
240,3.223653531691322,,,0.0,0.0,-0.8725,-8.833359500020743,4,0.0,0.0,0.0,0.0,0.0,0.0,0.0,0.03050538769794445,0.0,0.0,0.0,0.40866781805548164,0.3163824628181196,-0.4458803302773562,0.2528983723014875,0.40887910190178434,0.0,0.6582809454222857,0.6582809454222857
189,3.499849000232328,,0.0512719151538495,-0.5889347083853288,0.0,1.3763,-1.9351958334445956,3,0.0,0.0,0.0,0.0,0.0,0.0,0.0,-0.6264979790287338,0.0,0.0,0.0,0.7757525873290508,-0.14536630838449097,0.6639310193327841,0.19655442369901266,0.3268576331909025,0.0,0.573779046733844,0.573779046733844
178,2.8791964994698938,,0.1627787056127918,0.295351515081686,0.0,-0.0598,-5.036011257767678,2,0.0,0.0,0.0,0.0,0.0,0.0,0.0,0.35999342264244255,0.0,0.0,0.0,-0.04914175740787722,0.14950980791045257,0.16505620027996026,0.060592181209486284,0.12893357755014842,0.0,0.4926055782949814,0.4926055782949814
93,2.772125987772583,,0.0308363544626556,-0.7509955543093324,0.0,-5.1378,-3.58658898472786,1,0.0,0.0,0.0,0.0,0.0,0.0,0.0,-0.807289703256642,0.0,0.0,0.0,-0.19144660509430853,1.1921815707025445,0.3982465632154526,0.42852945442811574,0.6645502017202095,0.0,0.4880405253328605,0.4880405253328605
177,3.3145935141131657,,,0.0,0.0,3.9816,-2.909334820508957,2,0.0,0.0,0.0,0.0,0.0,0.0,0.0,0.03050538769794445,0.0,0.0,0.0,0.5295339663721352,-0.6803156474160461,0.5072066277124334,0.08910080014042876,0.1704343749495704,0.0,0.44710381059267035,0.44710381059267035
87,3.388646292312808,,0.118953866476984,-0.0521941485855173,0.0,4.2523,-1.644144856929779,1,0.0,0.0,0.0,0.0,0.0,0.0,0.0,-0.027721323779350465,0.0,0.0,0.0,0.6279557368055141,-0.7358987994813906,0.7107567678455882,-0.04342457241156694,-0.02248653257969051,0.0,0.3785516117547185,0.3785516117547185
72,3.025289143350686,,0.0644594402830006,-0.4843532138831864,0.0,-0.519,-3.836372235417366,1,0.0,0.0,0.0,0.0,0.0,0.0,0.0,-0.5098290291317289,0.0,0.0,0.0,0.1450264697351551,0.2437978885473428,0.35806017449566707,0.2835085045857113,0.4534391313221601,0.0,0.33603227161240723,0.33603227161240723
234,2.2778323620512597,,0.2768812423993103,1.2002228769751897,0.0,4.424,-4.08934198319912,4,0.0,0.0,0.0,0.0,0.0,0.0,0.0,1.3694491785250014,0.0,0.0,0.0,-0.8484004012945123,-0.7711541641271966,0.3173611260581064,0.10746364577352807,0.19716568515937438,0.0,0.3159389382715352,0.3159389382715352
254,2.7960285432615684,,0.2572976864402058,1.0449187141537517,0.0,5.8285,-5.238945406675339,4,0.0,0.0,0.0,0.0,0.0,0.0,0.0,1.1961950700685624,0.0,0.0,0.0,-0.15967829219231658,-1.0595418149427722,0.13240713125707604,-0.07814265281862731,-0.07302661747683782,0.0,0.29398407335097076,0.29398407335097076
88,3.760847937775381,,0.0793073579592947,-0.366604249947634,0.0,3.7218,0.1536806523799896,1,0.0,0.0,0.0,0.0,0.0,0.0,0.0,-0.3784707229684929,0.0,0.0,0.0,1.1226400119299862,-0.6269706052787115,1.0,-0.4100608146801932,-0.5562092094492089,0.0,0.23688276097047173,0.23688276097047173
255,3.109838627137861,,0.0835252158713747,-0.3331552229525732,0.0,3.1798,-2.2961108088493347,4,0.0,0.0,0.0,0.0,0.0,0.0,0.0,-0.3411556810180227,0.0,0.0,0.0,0.2573991596716181,-0.515681102436389,0.6058651984405912,0.2077671769116023,0.343180353014427,0.0,0.19204459349245995,0.19204459349245995
75,3.076645726324549,,,0.0,0.0,5.5,-3.1945992410182957,1,0.0,0.0,0.0,0.0,0.0,0.0,0.0,0.03050538769794445,0.0,0.0,0.0,0.21328327174289885,-0.9920905203233941,0.46131184950425563,0.026599163531855652,0.07944898683561394,0.0,-0.05293040333882898,-0.05293040333882898
90,2.59807265981454,,0.090521960461663,-0.2776686931650674,0.0,2.7304,-0.2758387833833694,1,0.0,0.0,0.0,0.0,0.0,0.0,0.0,-0.27925605724084884,0.0,0.0,0.0,-0.422776706461591,-0.42340526742284695,0.9308967476376335,0.11086099267203764,0.20211129847274226,0.0,-0.2392811068401281,-0.2392811068401281
77,2.983458593327037,,0.1009949323272287,-0.1946145159139751,0.0,3.7769,-5.453211558610201,1,0.0,0.0,0.0,0.0,0.0,0.0,0.0,-0.18660253674400645,0.0,0.0,0.0,0.08943048952182342,-0.638284353630394,0.0979349124538611,-0.05668761317518545,-0.04179391358487095,0.0,-0.39114098047929574,-0.39114098047929574
74,2.3227717700069026,,,0.0,0.0,2.8229,-3.695704072713852,1,0.0,0.0,0.0,0.0,0.0,0.0,0.0,0.03050538769794445,0.0,0.0,0.0,-0.7886725126081751,-0.442398402133022,0.3806915777274569,0.18646140149289891,0.3121649372473202,0.0,-0.4257243201058566,-0.4257243201058566
395,3.687033946274723,,0.0097102700377176,-0.918532484893416,1.0,-4.6236,-3.4604788780212403,6,0.0,0.0,0.0,0.0,0.0,0.0,0.0,-0.9941904341484924,0.0,0.0,0.0,1.024535607167975,1.0866002748325772,0.418535793000141,-1.044386277753219,-1.4796146045704615,0.0,-0.4487010906244381,-0.4487010906244381
251,3.104549334873309,,0.0656103131725743,-0.4752264061163858,0.0,1.5108,-7.141517375223339,4,0.0,0.0,0.0,0.0,0.0,0.0,0.0,-0.4996473513584911,0.0,0.0,0.0,0.25036928825189464,-0.17298335290901565,-0.1736882393667849,-0.12069896126455149,-0.13497703110998333,0.0,-0.4633710475744856,-0.4633710475744856
252,2.792126541457853,,0.0410013424738684,-0.6703837922540646,0.0,-4.6866,-8.304327043890954,4,0.0,0.0,0.0,0.0,0.0,0.0,0.0,-0.7173608905818273,0.0,0.0,0.0,-0.16486434915186182,1.099536139554102,-0.36076692147701317,-0.18472485892196744,-0.22818132885001077,0.0,-0.4828639536807142,-0.4828639536807142
80,2.979470570784268,,0.0541550805090138,-0.5660702407322318,0.0,1.0332,-6.161599847301841,1,0.0,0.0,0.0,0.0,0.0,0.0,0.0,-0.6009908523258715,0.0,0.0,0.0,0.08413010446227333,-0.074917178448696,-0.016034166959283724,-0.11157398410851727,-0.12169354553868103,0.0,-0.5547156907298848,-0.5547156907298848
78,2.901587501508014,,0.1017304168537815,-0.1887818770968503,0.0,6.8159,-2.4460235834121704,1,0.0,0.0,0.0,0.0,0.0,0.0,0.0,-0.18009576564495203,0.0,0.0,0.0,-0.01938241392412615,-1.262285828054413,0.5817464754436983,-0.04272475897820982,-0.021467794506636207,0.0,-0.5752011031102987,-0.5752011031102987
295,3.4956022492835506,,0.0820181706991563,-0.345106596303472,0.0,7.7152,-4.638598828017711,5,0.0,0.0,0.0,0.0,0.0,0.0,0.0,-0.3544883856739869,0.0,0.0,0.0,0.7701083325538756,-1.446940163674525,0.22899391563886073,-0.3443325349635984,-0.4605267063248543,0.0,-0.6677979231376907,-0.6677979231376907
175,3.3183620224163137,,0.0,-0.9955381810053489,1.0,-6.4204,-4.360316476225853,2,0.0,0.0,0.0,0.0,0.0,0.0,0.0,-1.0800963943208537,0.0,0.0,0.0,0.5345426003235689,1.4555393499379004,0.2737653834298095,-0.9738205768075332,-1.3768901314772892,0.0,-0.7006793120387854,-0.7006793120387854
242,2.4076751400427985,,0.0922049795419145,-0.2643217877400874,0.0,2.3858,-5.219351425766945,4,0.0,0.0,0.0,0.0,0.0,0.0,0.0,-0.2643665258976612,0.0,0.0,0.0,-0.6758294809508759,-0.3526481407079681,0.13555950969389752,-0.09703854136186152,-0.10053389322437248,0.0,-0.9546841865347527,-0.9546841865347527
392,3.40218190724945,,0.0083967967582409,-0.9289487682529568,1.0,0.0589,-1.2459113389253615,6,0.0,0.0,0.0,0.0,0.0,0.0,0.0,-1.0058106241942788,0.0,0.0,0.0,0.6459455977986732,0.12513699612561183,0.7748265840226003,-0.9283379095786302,-1.3106797351608503,0.0,-0.9639366775733189,-0.9639366775733189
396,3.3944764747335103,,0.0137731680919189,-0.8863123415111707,1.0,-0.4253,-3.153968718647957,6,0.0,0.0,0.0,0.0,0.0,0.0,0.0,-0.9582463093123295,0.0,0.0,0.0,0.6357044923518372,0.22455835641390068,0.4678486927928074,-0.896390095488286,-1.2641724047591407,0.0,-0.969952722051633,-0.969952722051633
300,2.1617468797370725,,,0.0,0.0,9.523,-4.893544207513332,5,0.0,0.0,0.0,0.0,0.0,0.0,0.0,0.03050538769794445,0.0,0.0,0.0,-1.0026868300922671,-1.8181378818264633,0.1879770176104989,0.47580342688844723,0.7333682513807166,0.0,-1.024928686679917,-1.024928686679917
394,3.175682092510633,,0.0,-0.9955381810053489,1.0,-1.8574,-1.9384253740310669,6,0.0,0.0,0.0,0.0,0.0,0.0,0.0,-1.0800963943208537,0.0,0.0,0.0,0.34491012942870436,0.5186131479646204,0.6634114345606428,-0.9008388643785565,-1.2706486026008952,0.0,-1.0799967461878686,-1.0799967461878686
289,2.581120775467848,,0.0988525902875619,-0.2116040063641474,0.0,10.2243,-4.614209032058716,5,0.0,0.0,0.0,0.0,0.0,0.0,0.0,-0.2055556605212364,0.0,0.0,0.0,-0.4453070491461734,-1.962136642607498,0.23291786898040323,0.1829849444772904,0.3071041611142478,0.0,-1.1629080125541171,-1.1629080125541171
397,3.4696844590344926,,0.0,-0.9955381810053489,1.0,-0.6453,-6.00654326453805,6,0.0,0.0,0.0,0.0,0.0,0.0,0.0,-1.0800963943208537,0.0,0.0,0.0,0.7356616194926014,0.26973121734620875,0.008912117834859457,-0.9124367618275713,-1.2875319877082818,0.0,-1.1671429542221792,-1.1671429542221792
250,2.0132184073360726,,0.0754803680090279,-0.3969535629934054,0.0,-1.1835,-5.544059812277555,4,0.0,0.0,0.0,0.0,0.0,0.0,0.0,-0.4123277882170019,0.0,0.0,0.0,-1.2000924584680341,0.38024046168151865,0.08331878736816356,-0.19151166904074302,-0.2380610789848708,0.0,-1.256937314747901,-1.256937314747901
179,3.550751985652288,,0.0051328226977192,-0.9548331765799618,1.0,2.1375,-5.838245864957571,2,0.0,0.0,0.0,0.0,0.0,0.0,0.0,-1.0346867341848003,0.0,0.0,0.0,0.8434065237130488,-0.3016644072102768,0.03598865199557966,-0.9023888067527253,-1.2729048972536448,0.0,-1.3077848289872234,-1.3077848289872234
243,2.588414626705013,,0.0342312535124499,-0.7240728669336273,0.0,-1.9683,-9.286833507195116,4,0.0,0.0,0.0,0.0,0.0,0.0,0.0,-0.7772553106570551,0.0,0.0,0.0,-0.4356129665000893,0.5413843764982248,-0.5188375148616855,-0.3859700741381573,-0.5211396417209759,0.0,-1.3240491527980582,-1.3240491527980582
249,0.6512095860885803,,0.1496383218988367,0.1911438678030265,0.0,-3.4162,-4.231806375086308,4,0.0,0.0,0.0,0.0,0.0,0.0,0.0,0.24374152896741352,0.0,0.0,0.0,-3.0103056981612553,0.8386834007886285,0.2944407364190784,0.19356062375221583,0.32249947451098265,0.0,-1.4181337607843418,-1.4181337607843418
287,2.62328803328052,,0.02325255965393,-0.8111375890980212,1.0,0.8682,-2.07929013967514,5,0.0,0.0,0.0,0.0,0.0,0.0,0.0,-0.874382912020471,0.0,0.0,0.0,-0.38926355869055157,-0.04103753274946498,0.6407484008565498,-0.7753652073895552,-1.0879930755029728,0.0,-1.6455310430033085,-1.6455310430033085
82,2.834868358887314,,0.0217701509044241,-0.8228935873591108,1.0,3.2953,-2.1317005515098573,1,0.0,0.0,0.0,0.0,0.0,0.0,0.0,-0.8874976602715035,0.0,0.0,0.0,-0.10805722529748457,-0.5393968544258507,0.632316349559515,-0.8266812094693137,-1.1626952212231536,0.0,-1.7433719728228327,-1.7433719728228327
235,3.041852172756368,,0.017676985245176,-0.8553537629945502,1.0,4.9879,-1.395972502231598,4,0.0,0.0,0.0,0.0,0.0,0.0,0.0,-0.9237095601194396,0.0,0.0,0.0,0.1670399946491362,-0.8869404199441442,0.7506839874965274,-0.9058063456097258,-1.2778799045681903,0.0,-1.770836191004256,-1.770836191004256
81,2.789898095452746,,0.0819210328038895,-0.3458769323718623,0.0,12.1005,-7.250517957098782,1,0.0,0.0,0.0,0.0,0.0,0.0,0.0,-0.355347756642003,0.0,0.0,0.0,-0.1678261232604105,-2.3473790138856634,-0.19122480253440233,-0.1288131305806246,-0.14678905531454636,0.0,-1.7861497761301606,-1.7861497761301606
391,3.4275452520965644,,0.0,-0.9955381810053489,1.0,5.073,-5.825343692302704,6,0.0,0.0,0.0,0.0,0.0,0.0,0.0,-1.0800963943208537,0.0,0.0,0.0,0.6796554107814546,-0.9044141038775053,0.03806441858203824,-0.9644597209417469,-1.3632632706422476,0.0,-1.8479446878512547,-1.8479446878512547
290,2.779712449419706,,0.0093984433159555,-0.921005375315858,1.0,2.7559,-3.96153971850872,5,0.0,0.0,0.0,0.0,0.0,0.0,0.0,-0.9969491395023422,0.0,0.0,0.0,-0.18136362097422876,-0.4286412126672736,0.3379225987506911,-0.8142725401780737,-1.1446315727700451,0.0,-1.9375070334306532,-1.9375070334306532
246,2.9725958178446863,,0.0157081831215445,-0.8709670237430154,1.0,1.1092,-7.4591040993109345,4,0.0,0.0,0.0,0.0,0.0,0.0,0.0,-0.9411273905364093,0.0,0.0,0.0,0.07499303530625119,-0.09052234858894788,-0.22478319273614433,-0.982786122324228,-1.389941527932689,0.0,-1.9400351579192094,-1.9400351579192094
253,1.602448858906634,,0.0324623583616863,-0.7381007983819264,0.0,2.006,-4.075752121210098,4,0.0,0.0,0.0,0.0,0.0,0.0,0.0,-0.7929045805311504,0.0,0.0,0.0,-1.7460364078976092,-0.2746633562439199,0.3195475315718128,-0.07583704899177235,-0.06967028522049738,0.0,-2.0964016844126405,-2.0964016844126405
299,3.203270221097813,,0.0082116716390006,-0.9304168724992374,1.0,4.82,-10.726379741262644,5,0.0,0.0,0.0,0.0,0.0,0.0,0.0,-1.0074484108941946,0.0,0.0,0.0,0.38157684909145245,-0.8524653138053511,-0.750438970854632,-0.7797916585115274,-1.0944367847424978,0.0,-2.10265492248072,-2.10265492248072
244,1.0328419742428987,,,0.0,0.0,-1.5063,-12.277555825782477,4,0.0,0.0,0.0,0.0,0.0,0.0,0.0,0.03050538769794445,0.0,0.0,0.0,-2.5030872492381873,0.44652136854037794,-1.0,-0.05129372265931309,-0.03394187564377936,0.0,-2.181958305477029,-2.181958305477029
70,3.36305327869103,,0.0,-0.9955381810053489,1.0,5.6981,-8.021678064577282,1,0.0,0.0,0.0,0.0,0.0,0.0,0.0,-1.0800963943208537,0.0,0.0,0.0,0.593940676565774,-1.0327666282810768,-0.31529292863483827,-1.0768992468833503,-1.5269446470390826,0.0,-2.2529807774298036,-2.2529807774298036
174,3.052102224395988,,0.0,-0.9955381810053489,1.0,5.0756,-7.1530881255865095,2,0.0,0.0,0.0,0.0,0.0,0.0,0.0,-1.0800963943208537,0.0,0.0,0.0,0.18066309230909486,-0.9049479649612506,-0.17554980002223486,-1.086240073331716,-1.5405423504885485,0.0,-2.474674424489765,-2.474674424489765
400,2.767001859195184,,0.0134852738950775,-0.8885954389892265,1.0,8.1431,-3.355837845802307,6,0.0,0.0,0.0,0.0,0.0,0.0,0.0,-0.9607932855871026,0.0,0.0,0.0,-0.1982569614209305,-1.534801378187864,0.435370969839187,-0.9336310103463035,-1.3183850506342532,0.0,-2.5752005392720863,-2.5752005392720863
247,1.4445327185450911,,0.0310580822670689,-0.7492371785010498,0.0,0.0929,-8.208622371032835,4,0.0,0.0,0.0,0.0,0.0,0.0,0.0,-0.8053280956122567,0.0,0.0,0.0,-1.9559189604804117,0.11815573579970967,-0.34536947118697325,-0.8635300728839894,-1.2163371467992683,0.0,-3.261137282888484,-3.261137282888484
71,1.88095000983794,,0.0211021519000172,-0.8281910433656512,1.0,12.5658,-1.0182752905413508,1,0.0,0.0,0.0,0.0,0.0,0.0,0.0,-0.8934073925080799,0.0,0.0,0.0,-1.3758872114894007,-2.4429196147574945,0.8114498191744521,-0.8536505160909584,-1.201955198453863,0.0,-3.6738797216700414,-3.6738797216700414
248,0.1350362027992422,,0.0741394427156714,-0.4075875500244479,0.0,0.2233,-5.536993257887661,4,0.0,0.0,0.0,0.0,0.0,0.0,0.0,-0.42419084397114093,0.0,0.0,0.0,-3.6963393550885155,0.09138054913801436,0.08445569026632782,-0.4343288259494784,-0.5915368351547239,0.0,-3.690181076695967,-3.690181076695967
241,1.581795236901674,,0.0075669012617227,-0.9355301177068148,1.0,4.2532,-9.21720211841166,4,0.0,0.0,0.0,0.0,0.0,0.0,0.0,-1.0131526413775493,0.0,0.0,0.0,-1.7734866412718349,-0.7360835975488409,-0.5076348659689907,-1.0161872978975204,-1.4385645574707917,0.0,-3.951258817258158,-3.951258817258158
298,0.9188843576114172,,0.0,-0.9955381810053489,1.0,3.9865,-5.219882246851921,5,0.0,0.0,0.0,0.0,0.0,0.0,0.0,-1.0800963943208537,0.0,0.0,0.0,-2.6545455828202336,-0.6813217702277203,0.13547410852147057,-1.0425568753557926,-1.4769514921116813,0.0,-4.4557460171074865,-4.4557460171074865
245,0.979625507590165,,0.0,-0.9955381810053489,1.0,4.3073,-8.122418202459812,4,0.0,0.0,0.0,0.0,0.0,0.0,0.0,-1.0800963943208537,0.0,0.0,0.0,-2.573815978011205,-0.7471920147144676,-0.33150050992564506,-0.9450167742645732,-1.3349596270019952,0.0,-4.4972938107947344,-4.4972938107947344
399,1.0022202538136464,,0.0,-0.9955381810053489,1.0,17.6163,-5.617603436112404,6,0.0,0.0,0.0,0.0,0.0,0.0,0.0,-1.0800963943208537,0.0,0.0,0.0,-2.5437858430200144,-3.479944769933048,0.07148671837582476,-0.8681539740070505,-1.2230682895518497,0.0,-5.588938119130368,-5.588938119130368
