ref_pos,wt_aa,entropy,model_pred,y,plm_mean,epi_gain,source,ddg_min,entropy_z,model_pred_z,y_z,plm_pos_z,ddg_inv_z,Score_raw,Score,hotspot_flag
1,M,1.584962500721156,0.008914017114392034,0.010230609468225446,0.007509559770692868,0.005892025410703622,background,-0.005892025410703622,-1.0596694472545654,-0.10898817727958461,-0.19310464320201146,0.5595318107350254,-0.20773008999461287,-1.1129727349863896,-1.1129727349863896,0
2,Q,2.0,0.01202523162491069,0.009650029258612644,0.006610247521627255,0.005571987813459062,background,-0.005571987813459062,0.07873264678148921,-0.08641339164861213,-0.19419295506344755,0.53024000293659,-0.2082958992703819,-0.19299053745557604,-0.19299053745557604,0
3,Y,2.321928094887362,0.013788610557545732,0.008349207548015821,0.0053361285205924544,0.005051405850973612,background,-0.005051405850973612,0.9617459118132059,-0.07361842002070822,-0.19663137730694819,0.48874023583186865,-0.20921626020831016,0.5063483922681767,0.5063483922681767,0
4,K,2.321928094887362,0.013863927406946376,0.006477795983281416,0.0037411386588912477,0.0043490160644454314,background,-0.0043490160644454314,0.9617459118132059,-0.07307192548493405,-0.20013938424519265,0.4367892738406946,-0.21045804761030523,0.48148888640744125,0.48148888640744125,0
5,L,1.9219280948873623,0.012173539415758664,0.004230959722353864,0.0018963082972514517,0.0034900985367833015,background,-0.0034900985367833015,-0.13540997989692224,-0.08533727922548062,-0.20435113399653704,0.37670067121127726,-0.21197656764812586,-0.43811503953835784,-0.43811503953835784,0
6,I,1.9219280948873623,0.00891713605621717,0.0018324226165112834,-0.00011391516185560707,0.002505567023750148,background,-0.002505567023750148,-0.13540997989692224,-0.10896554642502286,-0.20884725070730809,0.31122499326154424,-0.21371716646263134,-0.4939962335616192,-0.4939962335616192,0
7,L,1.9219280948873623,0.004540959870598847,-0.000484825458207337,-0.002196052606868534,0.0014308563206023388,background,-0.0014308563206023388,-0.13540997989692224,-0.1407188179978118,-0.21319098913285334,0.243406980204775,-0.21561719723977968,-0.5589304764820946,-0.5589304764820946,0
8,N,2.321928094887362,-0.00033346534325517214,-0.002498537668854832,-0.004252455796555376,0.0003046469096014751,background,-0.0003046469096014751,0.9617459118132059,-0.17608735459499344,-0.2169657421266351,0.17642716640708486,-0.21760827496529994,0.2510670518230002,0.2510670518230002,0
9,G,2.321928094887362,-0.005009362847336109,-0.004016255382219957,-0.0061863913850388405,-0.0008325272097142653,background,0.0008325272097142653,0.9617459118132059,-0.21001538605349593,-0.2198107412540916,0.11343628686411213,-0.21961873770596857,0.18728825295325044,0.18728825295325044,0
10,K,2.321928094887362,-0.008826993582121728,-0.004891790724409941,-0.00790707891918936,-0.0019397374011810202,background,0.0019397374011810202,0.9617459118132059,-0.2377158853808889,-0.22145195375537088,0.05739118285950331,-0.22157622583221256,0.13376676020911504,0.13376676020911504,0
11,T,1.9219280948873623,-0.011269688409269974,-0.005037763130086297,-0.009334417748728481,-0.002977133476235993,background,0.002977133476235993,-0.13540997989692224,-0.2554399323401467,-0.2217255826147595,0.010900840154237333,-0.22341028635187068,-0.7822024205274327,-0.7822024205274327,0
12,L,1.9219280948873623,-0.012046142110115947,-0.004433137389334927,-0.0104031541615581,-0.003907377963165275,background,0.003907377963165275,-0.13540997989692224,-0.2610738337602231,-0.22059219681466796,-0.023909340207834674,-0.2250549086211579,-0.8021071683346048,-0.8021071683346048,0
13,K,2.321928094887362,-0.011135424753170434,-0.0031251296108302648,-0.01106626952537897,-0.004696989939828392,background,0.004696989939828392,0.9617459118132059,-0.25446572331526907,-0.21814030411039087,-0.045507898223042374,-0.22645090016871627,0.07478173258384327,0.07478173258384327,0
14,G,2.321928094887362,-0.00878734383748714,-0.0012253194109872701,-0.011297411229622977,-0.005317550063264113,background,0.005317550063264113,0.9617459118132059,-0.23742818921515607,-0.21457906323319095,-0.05303649397157456,-0.22754801712320954,0.09138166400269933,0.09138166400269933,0
15,E,1.9219280948873623,-0.005478186764701289,0.0010997079245380261,-0.011092238619130505,-0.005746723425318542,background,0.005746723425318542,-0.13540997989692224,-0.2134171442406636,-0.21022074239221208,-0.04635374648504466,-0.22830677256711393,-0.755983464454834,-0.755983464454834,0
16,T,1.3709505944546687,-0.001829261857189666,0.0036424071450050378,-0.010468613238642833,-0.005969063420156757,background,0.005969063420156757,-1.6466805068955461,-0.18694076426361766,-0.20545439025708834,-0.026041430265121422,-0.2286998577312853,-1.9259860041013483,-1.9259860041013483,0
17,T,0.9709505944546686,0.0014981871958495811,0.006171831358152278,-0.009465623556378117,-0.005976567691236485,background,0.005976567691236485,-2.743836398605675,-0.16279699377901,-0.20071292244920752,0.006627290779473713,-0.22871312487933715,-2.7617699311923714,-2.7617699311923714,0
18,T,1.3709505944546687,0.003914214154923364,0.008453232828225033,-0.008141495701047646,-0.005768966148361793,background,0.005768966148361793,-1.6466805068955461,-0.1452664472688471,-0.19643637936443065,0.04975591343438985,-0.22834609650631538,-1.8446563536316425,-1.8446563536316425,0
19,E,1.9219280948873623,0.004999065658072528,0.010268064044237133,-0.006570500397757384,-0.005353730688642411,background,0.005353730688642411,-0.13540997989692224,-0.13739482991741353,-0.19303443367942755,0.1009253404315594,-0.22761198252483242,-0.6032378956141043,-0.6032378956141043,0
20,A,2.321928094887362,0.004573314603900427,0.01143270202852051,-0.004839019135434273,-0.004745806271486501,background,0.004745806271486501,0.9617459118132059,-0.140484053996178,-0.19085129117544877,0.15732201065956683,-0.2265372048201041,0.29710670420467106,0.29710670420467106,0
21,V,1.9219280948873623,0.0027275902729248756,0.011814324195441107,-0.00304097685850268,-0.00396707302664928,background,0.00396707302664928,-0.13540997989692224,-0.15387651888883405,-0.19013593105126605,0.21588666252999744,-0.22516044628588125,-0.5686301705029321,-0.5686301705029321,0
22,D,1.3709505944546687,-0.00019302249950148374,0.011342600800050569,-0.001272881817559596,-0.003045558754891664,background,0.003045558754891664,-1.6466805068955461,-0.1750683097556149,-0.1910201881410191,0.2734758927028127,-0.22353125856792838,-1.7752206790430813,-1.7752206790430813,0
23,A,1.9219280948873623,-0.0036473124595809117,0.010016217385971265,0.00037126611816762443,-0.0020144301645549046,background,0.0020144301645549046,-0.13540997989692224,-0.20013243024373062,-0.19350652642546962,0.3270279991881348,-0.22170827862448955,-0.5706931916735247,-0.5706931916735247,0
24,A,1.3709505944546687,-0.0069892983056028535,0.00790367157467136,0.0018049304781724345,-0.0009107991509901282,background,0.0009107991509901282,-1.6466805068955461,-0.22438167882515117,-0.19746654543093684,0.37372437291634825,-0.21975711829246103,-1.7874842870692005,-1.7874842870692005,0
25,T,1.3709505944546687,-0.009577421753616918,0.005138266060236414,0.002953595549796419,0.00022561291732785932,background,-0.00022561291732785932,-1.6466805068955461,-0.24316094712307088,-0.20265036598356556,0.41113793704576457,-0.2177480028170101,-1.7946737463400766,-1.7946737463400766,0
26,A,1.9219280948873623,-0.010883416622374997,0.0019077039166647202,0.003758686057091407,0.0013539048316163742,background,-0.0013539048316163742,-0.13540997989692224,-0.2526371674536481,-0.20870613406133087,0.4373608161675957,-0.2157532433375737,-0.5889048779692948,-0.5889048779692948,0
27,E,2.321928094887362,-0.010582735167581141,-0.0015608571441003093,0.004180642744650288,0.002433467639858164,background,-0.002433467639858164,0.9617459118132059,-0.25045544087638016,-0.21520803695441,0.45110451220207226,-0.21384463429933098,0.2917148856312057,0.2917148856312057,0
28,K,2.321928094887362,-0.008611460238024702,-0.005019055726526718,0.004200991930089789,0.0034254462251067214,background,-0.0034254462251067214,0.9617459118132059,-0.23615198838090168,-0.22169051512735038,0.45176731250237717,-0.21209086946129238,0.3013793684281005,0.3013793684281005,0
29,V,1.9219280948873623,-0.005180179762434008,-0.008217370882380342,0.0038233000958253975,0.004294137760584366,background,-0.004294137760584366,-0.13540997989692224,-0.21125482333030277,-0.22768583543468177,0.4394653821908465,-0.21055506950282785,-0.5609820523587289,-0.5609820523587289,0
30,F,1.9219280948873623,-0.0007424292000931213,-0.010925297251893857,0.0030729633344073596,0.005008276709034959,background,-0.005008276709034959,-0.13540997989692224,-0.1790547717781286,-0.23276190991852025,0.4150259061107712,-0.20929251021385623,-0.5424975623623487,-0.5424975623623487,0
31,K,2.321928094887362,0.004077163675143885,-0.012949977531290386,0.001995842848017211,0.005542160117238661,background,-0.005542160117238661,0.9617459118132059,-0.14408409533676034,-0.2365572228265378,0.3799426452123692,-0.20834863303460718,0.3532186996410679,0.3532186996410679,0
32,Q,2.321928094887362,0.00858321683206888,-0.014151746649358189,0.0006558184986052203,0.005876572704617827,background,-0.005876572704617827,0.9617459118132059,-0.11138844426048958,-0.23880996855270203,0.3362962523949888,-0.2077574095486726,0.36673514900156334,0.36673514900156334,0
33,Y,2.321928094887362,0.012121875244171732,-0.014455299004492526,-0.00086861059146994,0.005999478450579854,background,-0.005999478450579854,0.9617459118132059,-0.08571215135160166,-0.23937898489736853,0.28664354950428494,-0.2075401187937446,0.3721769060889385,0.3721769060889385,0
34,A,2.321928094887362,0.014186509832849206,-0.013855554540284561,-0.002488499179865806,0.005906453789310604,background,-0.005906453789310604,0.9617459118132059,-0.07073128677665627,-0.2382547491700373,0.23388160254373722,-0.2077045813964968,0.367029211264519,0.367029211264519,0
35,N,1.9219280948873623,0.014499390960737964,-0.01241774090684466,-0.004109182807987305,0.005600846820675071,background,-0.005600846820675071,-0.13540997989692224,-0.06846104010411548,-0.23555953220277143,0.18109376007152542,-0.20824487809626707,-0.5273314424824549,-0.5273314424824549,0
36,D,1.9219280948873623,0.013055864851390505,-0.010271690619492516,-0.00563530930748856,0.005093656806981435,background,-0.005093656806981435,-0.13540997989692224,-0.07893517885637984,-0.23153670823410513,0.1313857702760607,-0.20914156278830337,-0.5544729694070715,-0.5544729694070715,0
37,N,1.9219280948873623,0.010123763937454866,-0.007600833784356243,-0.0069759096898390355,0.004403138292704288,background,-0.004403138292704288,-0.13540997989692224,-0.10021032698798232,-0.22653012150285054,0.08772061529221668,-0.21036236241882209,-0.5893063124684239,-0.5893063124684239,0
38,G,1.9219280948873623,0.006198188116899045,-0.004626808412110427,-0.008049241109557514,0.0035541440955038452,background,-0.0035541440955038452,-0.13540997989692224,-0.1286940693746181,-0.22095523790324315,0.05276076938432248,-0.2118633385415837,-0.6275499881290955,-0.6275499881290955,0
39,V,1.8831154646427541,0.8394947250684103,1.4355395076666666,-0.11919816086689627,1.8616178625397655,observed_hotspot,-1.8616178625397655,-0.11696772496642859,2.8617782266604985,1.1986857263661614,-1.7252472695908445,1.4861480063348433,4.6143240709185385,3.3223133310613475,1
40,D,2.961386437259799,0.5836417078971863,3.624695885,-0.11926058679819103,-0.3052759793848274,observed_hotspot,0.3052759793848274,1.2285870372480676,1.8372875266154554,2.9778321959598655,-1.6148608574361112,-0.3428551414682948,4.843475382077865,3.487302275096063,1
41,G,2.2035550433645485,0.08061672002077098,0.08277028033333333,-0.10865894208351767,3.2839131290086354,observed_hotspot,-3.2839131290086354,0.4969081139632756,0.3208002163043314,-0.04455925395296793,-2.514901208039349,4.358355368303972,3.5903268017798196,2.58503529728147,1
42,E,2.321928094887362,-0.006708500938833924,0.005596252150568894,-0.008580620875547404,-0.0007541105337439086,background,0.0007541105337439086,0.9617459118132059,-0.22234422999636777,-0.20179185980951944,0.03545301672163427,-0.21948010123631315,0.16190975522064946,0.16190975522064946,0
43,W,2.321928094887362,-0.006801731634235477,0.006758646429780922,-0.0076746285775637505,-0.0018647074148348615,background,0.0018647074148348615,0.9617459118132059,-0.22302070632283158,-0.19961292318580023,0.06496240268515616,-0.2214435768478402,0.1734488418529393,0.1734488418529393,0
44,T,2.321928094887362,-0.0054131854057220185,0.007143711939758034,-0.0063895068070786406,-0.0029081906235009134,background,0.0029081906235009134,0.9617459118132059,-0.21294549828384585,-0.19889110843049276,0.10682054476845003,-0.22328839909265066,0.1993287814602206,0.1993287814602206,0
45,Y,1.9219280948873623,-0.002877242745369433,0.006754311008925104,-0.00477962902979622,-0.003847003602777611,background,0.003847003602777611,-0.13540997989692224,-0.1945448506472565,-0.1996210500386684,0.15925642616573407,-0.2249481699960086,-0.6412446671335768,-0.6412446671335768,0
46,D,1.9219280948873623,0.0002743143573868275,0.005660985323593184,-0.0029164150964541098,-0.0046473570373771,background,0.0046473570373771,-0.13540997989692224,-0.1716773415899556,-0.2016705158868981,0.21994380641606384,-0.2263631518640419,-0.5974251555056037,-0.5974251555056037,0
47,D,1.9219280948873623,0.0034036622532472877,0.003995423166767277,-0.0008846352346137008,-0.005280444982835116,background,0.005280444982835116,-0.13540997989692224,-0.14897098120402133,-0.20479265305454564,0.28612160535474923,-0.22748241733472963,-0.5523771516354616,-0.5523771516354616,0
48,A,1.9219280948873623,0.005875988037975498,0.0019387803349424652,0.0012219891251881439,-0.0057234816355185535,background,0.0057234816355185535,-0.13540997989692224,-0.1310319337961777,-0.20864788055206093,0.3547371901140266,-0.22826568233156802,-0.5115520363185769,-0.5115520363185769,0
49,T,1.9219280948873623,0.007168062235365027,-0.00029415841949317667,0.003305656317226009,-0.005960521428555163,background,0.005960521428555163,-0.13540997989692224,-0.12165672102098497,-0.21283357908617623,0.4226050290859674,-0.2286847559491093,-0.47959255274451035,-0.47959255274451035,0
50,K,1.9219280948873623,0.006958238429363875,-0.002473642727447956,0.0052695709807825284,-0.005983032937178271,background,0.005983032937178271,-0.13540997989692224,-0.12317918995545941,-0.21691907594757104,0.48657236736830145,-0.22872455508677364,-0.4596494024513439,-0.4596494024513439,0
51,T,1.3709505944546687,0.005182867379532532,-0.004374873851286459,0.007022978594308545,-0.005790205937755205,background,0.005790205937755205,-1.6466805068955461,-0.1360611756655016,-0.2204829803816971,0.5436832083037844,-0.22838364731271327,-1.6619605608235637,-1.6619605608235637,0
52,F,1.9219280948873623,0.0020496851766902734,-0.005797500183443327,0.008485883159248399,-0.005388980568975279,background,0.005388980568975279,-0.13540997989692224,-0.15879535755261,-0.22314972837972172,0.5913319747786039,-0.22767430241922548,-0.4586471521157309,-0.4586471521157309,0
53,T,1.3709505944546687,-0.0019941255739081517,-0.006583050697080077,0.009593199870469356,-0.004793797545641601,background,0.004793797545641601,-1.6466805068955461,-0.18813700549052836,-0.2246222621099332,0.6273987672756263,-0.22662205081415823,-1.6831040119393903,-1.6831040119393903,0
54,V,2.429850394160667,-0.20068642823025584,1.202557811,-0.1251544505357742,2.1035856852940764,observed_hotspot,-2.1035856852940764,0.9810566048787901,-1.2712724077913475,1.5927147432539124,-2.9339802827722195,2.730686078690113,2.390312977077811,1.7210253434960239,1
55,T,1.5,-0.010288154270424309,-0.005897162777591761,0.01057454135264789,-0.003113454563746455,background,0.003113454563746455,-1.2927122178561714,-0.24831797957893126,-0.22333654836007477,0.6593623773681963,-0.22365129470982745,-1.4433655165155095,-1.4433655165155095,0
56,E,1.584962500721156,-0.013219707834962981,-0.004419028006623054,0.010418346151804123,-0.002088772719634037,background,0.002088772719634037,-1.0596694472545654,-0.2695891561761828,-0.22056574843026108,0.6542748898943991,-0.22183971226731874,-1.2758362474929235,-1.2758362474929235,0
